{
  "fecha": "2026-02-23T17:57:48.047Z",
  "proyecto": "https://jqkfykverasqwlfsjsnj.supabase.co",
  "tablas": [
    {
      "tabla": "abonos",
      "expected": 882,
      "downloaded": 882,
      "status": "OK"
    },
    {
      "tabla": "clientes",
      "expected": 117,
      "downloaded": 117,
      "status": "OK"
    },
    {
      "tabla": "facturas",
      "expected": 642,
      "downloaded": 642,
      "status": "OK"
    },
    {
      "tabla": "pedidos",
      "expected": 389,
      "downloaded": 389,
      "status": "OK"
    },
    {
      "tabla": "productos",
      "expected": 228,
      "downloaded": 228,
      "status": "OK"
    }
  ],
  "tablas_procesadas": 5,
  "tablas_totales": 5,
  "total_registros": 2258,
  "estado": "COMPLETADO"
}