[
  {
    "id": 78,
    "nombre": "laura sanchez",
    "direccion": "sabana",
    "telefono": "",
    "correo": "",
    "clasificacion": 3,
    "fecha_registro": "2025-12-01T16:25:34.697089+00:00",
    "creado_en": "2025-12-01T16:25:34.697089+00:00",
    "actualizado_en": "2025-12-01T16:25:34.697089+00:00"
  },
  {
    "id": 6,
    "nombre": "WENDY ",
    "direccion": "Ferrocarril ",
    "telefono": "3105675464",
    "correo": "",
    "clasificacion": 3,
    "fecha_registro": "2025-08-19T20:26:54.260839+00:00",
    "creado_en": "2025-08-19T20:26:54.260839+00:00",
    "actualizado_en": "2025-08-19T20:26:54.260839+00:00"
  },
  {
    "id": 9,
    "nombre": "LORENA CASTAÑEDA ",
    "direccion": "Sabana",
    "telefono": "3214058023",
    "correo": "",
    "clasificacion": 4,
    "fecha_registro": "2025-08-19T20:54:02.234787+00:00",
    "creado_en": "2025-08-19T20:54:02.234787+00:00",
    "actualizado_en": "2025-08-19T20:54:02.234787+00:00"
  },
  {
    "id": 1,
    "nombre": "MARTHA TABARES",
    "direccion": "PARQUE local 123",
    "telefono": "3453053",
    "correo": "mt@gmail.com",
    "clasificacion": 4,
    "fecha_registro": "2025-08-14T18:30:23.571539+00:00",
    "creado_en": "2025-08-14T18:30:23.571539+00:00",
    "actualizado_en": "2025-08-19T20:25:13.899+00:00"
  },
  {
    "id": 10,
    "nombre": "LIBEY SALINAS ",
    "direccion": "Ferrocaril ",
    "telefono": "3007079647",
    "correo": "",
    "clasificacion": 3,
    "fecha_registro": "2025-08-19T20:56:04.476156+00:00",
    "creado_en": "2025-08-19T20:56:04.476156+00:00",
    "actualizado_en": "2025-08-19T20:56:04.476156+00:00"
  },
  {
    "id": 2,
    "nombre": "MARTHA BLANCO",
    "direccion": "SÁBANA ",
    "telefono": "3001234555",
    "correo": "mb@gmail.com",
    "clasificacion": 3,
    "fecha_registro": "2025-08-14T18:49:38.352621+00:00",
    "creado_en": "2025-08-14T18:49:38.352621+00:00",
    "actualizado_en": "2025-08-19T20:26:14.745+00:00"
  },
  {
    "id": 7,
    "nombre": "ALFONSO SALINAS",
    "direccion": "Sabana local ",
    "telefono": "",
    "correo": "",
    "clasificacion": 3,
    "fecha_registro": "2025-08-19T20:28:48.021742+00:00",
    "creado_en": "2025-08-19T20:28:48.021742+00:00",
    "actualizado_en": "2025-08-19T20:28:48.021742+00:00"
  },
  {
    "id": 11,
    "nombre": "MARIELA ",
    "direccion": "Ferrocaril ",
    "telefono": "300",
    "correo": "",
    "clasificacion": 3,
    "fecha_registro": "2025-08-19T20:58:12.744688+00:00",
    "creado_en": "2025-08-19T20:58:12.744688+00:00",
    "actualizado_en": "2025-08-19T20:58:12.744688+00:00"
  },
  {
    "id": 14,
    "nombre": "FERNEY SALINAS",
    "direccion": "Ferrocaril ",
    "telefono": "3123484686",
    "correo": "",
    "clasificacion": 3,
    "fecha_registro": "2025-08-19T23:27:28.374391+00:00",
    "creado_en": "2025-08-19T23:27:28.374391+00:00",
    "actualizado_en": "2025-08-19T23:27:28.374391+00:00"
  },
  {
    "id": 8,
    "nombre": "JAVIER BUITRAGO ",
    "direccion": "Ferrocaril A003",
    "telefono": "3114411220",
    "correo": "",
    "clasificacion": 3,
    "fecha_registro": "2025-08-19T20:29:33.030896+00:00",
    "creado_en": "2025-08-19T20:29:33.030896+00:00",
    "actualizado_en": "2025-08-19T22:37:17.091+00:00"
  },
  {
    "id": 15,
    "nombre": "ELEMETRIO ",
    "direccion": "Parque ",
    "telefono": "",
    "correo": "",
    "clasificacion": 4,
    "fecha_registro": "2025-08-19T23:29:20.581674+00:00",
    "creado_en": "2025-08-19T23:29:20.581674+00:00",
    "actualizado_en": "2025-08-19T23:29:20.581674+00:00"
  },
  {
    "id": 18,
    "nombre": "CRISTIAN SOLER",
    "direccion": "PARQUE ",
    "telefono": "+57 3214045628",
    "correo": "",
    "clasificacion": 3,
    "fecha_registro": "2025-08-20T01:01:06.971293+00:00",
    "creado_en": "2025-08-20T01:01:06.971293+00:00",
    "actualizado_en": "2025-08-20T01:01:06.971293+00:00"
  },
  {
    "id": 19,
    "nombre": "DIEGO Y MAYERLY",
    "direccion": "SABANA",
    "telefono": "+573112276339",
    "correo": "",
    "clasificacion": 3,
    "fecha_registro": "2025-08-20T01:05:07.009571+00:00",
    "creado_en": "2025-08-20T01:05:07.009571+00:00",
    "actualizado_en": "2025-08-20T01:05:07.009571+00:00"
  },
  {
    "id": 21,
    "nombre": "DORIS ",
    "direccion": "PARQUE ",
    "telefono": "",
    "correo": "",
    "clasificacion": 1,
    "fecha_registro": "2025-08-20T01:08:44.324063+00:00",
    "creado_en": "2025-08-20T01:08:44.324063+00:00",
    "actualizado_en": "2025-08-20T01:08:44.324063+00:00"
  },
  {
    "id": 22,
    "nombre": "ESTEBAN ARTOS",
    "direccion": "PARQUE",
    "telefono": "",
    "correo": "",
    "clasificacion": 4,
    "fecha_registro": "2025-08-20T01:09:51.018642+00:00",
    "creado_en": "2025-08-20T01:09:51.018642+00:00",
    "actualizado_en": "2025-08-20T01:09:51.018642+00:00"
  },
  {
    "id": 23,
    "nombre": "FERNANDO FERROCARRIL",
    "direccion": "FERROCARRIL",
    "telefono": "",
    "correo": "",
    "clasificacion": 2,
    "fecha_registro": "2025-08-20T01:10:15.647964+00:00",
    "creado_en": "2025-08-20T01:10:15.647964+00:00",
    "actualizado_en": "2025-08-20T01:10:15.647964+00:00"
  },
  {
    "id": 27,
    "nombre": "HENRY SANDOBAL",
    "direccion": "PARQUE ",
    "telefono": "",
    "correo": "",
    "clasificacion": 4,
    "fecha_registro": "2025-08-20T01:14:03.968698+00:00",
    "creado_en": "2025-08-20T01:14:03.968698+00:00",
    "actualizado_en": "2025-08-20T01:14:03.968698+00:00"
  },
  {
    "id": 29,
    "nombre": "JHON CRUZ",
    "direccion": "SABANA",
    "telefono": "",
    "correo": "",
    "clasificacion": 3,
    "fecha_registro": "2025-08-20T01:15:04.750628+00:00",
    "creado_en": "2025-08-20T01:15:04.750628+00:00",
    "actualizado_en": "2025-08-20T01:15:04.750628+00:00"
  },
  {
    "id": 30,
    "nombre": "JUAN CARLOS PLAZA",
    "direccion": "PARQUE",
    "telefono": "",
    "correo": "",
    "clasificacion": 2,
    "fecha_registro": "2025-08-20T14:52:16.998426+00:00",
    "creado_en": "2025-08-20T14:52:16.998426+00:00",
    "actualizado_en": "2025-08-20T14:52:16.998426+00:00"
  },
  {
    "id": 31,
    "nombre": "KELLY HERMANA DE ADRIAN",
    "direccion": "Ferrocarril",
    "telefono": "",
    "correo": "",
    "clasificacion": 3,
    "fecha_registro": "2025-08-20T14:52:59.083982+00:00",
    "creado_en": "2025-08-20T14:52:59.083982+00:00",
    "actualizado_en": "2025-08-20T14:52:59.083982+00:00"
  },
  {
    "id": 34,
    "nombre": "LUZ HELENA",
    "direccion": "Parque ",
    "telefono": "",
    "correo": "",
    "clasificacion": 2,
    "fecha_registro": "2025-08-20T14:54:56.036384+00:00",
    "creado_en": "2025-08-20T14:54:56.036384+00:00",
    "actualizado_en": "2025-08-20T14:54:56.036384+00:00"
  },
  {
    "id": 35,
    "nombre": "MARCELA Y DIEGO ",
    "direccion": "Parque ",
    "telefono": "",
    "correo": "",
    "clasificacion": 2,
    "fecha_registro": "2025-08-20T14:55:39.675852+00:00",
    "creado_en": "2025-08-20T14:55:39.675852+00:00",
    "actualizado_en": "2025-08-20T14:55:39.675852+00:00"
  },
  {
    "id": 36,
    "nombre": "NEIDY ",
    "direccion": "Sabana",
    "telefono": "",
    "correo": "",
    "clasificacion": 3,
    "fecha_registro": "2025-08-20T14:56:24.536773+00:00",
    "creado_en": "2025-08-20T14:56:24.536773+00:00",
    "actualizado_en": "2025-08-20T14:56:24.536773+00:00"
  },
  {
    "id": 37,
    "nombre": "NORVEY ",
    "direccion": "Parque local ",
    "telefono": "",
    "correo": "",
    "clasificacion": 3,
    "fecha_registro": "2025-08-20T14:57:26.753762+00:00",
    "creado_en": "2025-08-20T14:57:26.753762+00:00",
    "actualizado_en": "2025-08-20T14:57:26.753762+00:00"
  },
  {
    "id": 38,
    "nombre": "PAOLA LOPEZ ",
    "direccion": "Ferrocarril",
    "telefono": "",
    "correo": "",
    "clasificacion": 1,
    "fecha_registro": "2025-08-20T14:57:56.405096+00:00",
    "creado_en": "2025-08-20T14:57:56.405096+00:00",
    "actualizado_en": "2025-08-20T14:57:56.405096+00:00"
  },
  {
    "id": 13,
    "nombre": "RAMIRO",
    "direccion": "Ferrocarril",
    "telefono": "3125250038",
    "correo": "",
    "clasificacion": 3,
    "fecha_registro": "2025-08-19T21:16:39.586975+00:00",
    "creado_en": "2025-08-19T21:16:39.586975+00:00",
    "actualizado_en": "2025-08-20T14:58:26.055+00:00"
  },
  {
    "id": 12,
    "nombre": "RAUL  ZIPA ",
    "direccion": "Parque",
    "telefono": "31",
    "correo": "worwiz",
    "clasificacion": 3,
    "fecha_registro": "2025-08-19T21:16:39.568295+00:00",
    "creado_en": "2025-08-19T21:16:39.568295+00:00",
    "actualizado_en": "2025-08-20T14:59:47.989+00:00"
  },
  {
    "id": 39,
    "nombre": "SARA",
    "direccion": "SABANA",
    "telefono": "",
    "correo": "",
    "clasificacion": 4,
    "fecha_registro": "2025-08-20T15:00:19.901215+00:00",
    "creado_en": "2025-08-20T15:00:19.901215+00:00",
    "actualizado_en": "2025-08-20T15:00:19.901215+00:00"
  },
  {
    "id": 40,
    "nombre": "TILSIA",
    "direccion": "SABANA",
    "telefono": "",
    "correo": "",
    "clasificacion": 1,
    "fecha_registro": "2025-08-20T15:01:02.757693+00:00",
    "creado_en": "2025-08-20T15:01:02.757693+00:00",
    "actualizado_en": "2025-08-20T15:01:02.757693+00:00"
  },
  {
    "id": 41,
    "nombre": "WILLIAN LOPEZ",
    "direccion": "Parque ",
    "telefono": "",
    "correo": "",
    "clasificacion": 3,
    "fecha_registro": "2025-08-20T15:01:48.770933+00:00",
    "creado_en": "2025-08-20T15:01:48.770933+00:00",
    "actualizado_en": "2025-08-20T15:01:48.770933+00:00"
  },
  {
    "id": 43,
    "nombre": "GLADIZ LOPEZ",
    "direccion": "SABANA",
    "telefono": "",
    "correo": "",
    "clasificacion": 3,
    "fecha_registro": "2025-08-20T15:03:02.004722+00:00",
    "creado_en": "2025-08-20T15:03:02.004722+00:00",
    "actualizado_en": "2025-08-20T15:03:02.004722+00:00"
  },
  {
    "id": 44,
    "nombre": "JORGE ",
    "direccion": "Parque",
    "telefono": "",
    "correo": "",
    "clasificacion": 3,
    "fecha_registro": "2025-08-20T15:03:30.298331+00:00",
    "creado_en": "2025-08-20T15:03:30.298331+00:00",
    "actualizado_en": "2025-08-20T15:03:30.298331+00:00"
  },
  {
    "id": 45,
    "nombre": "DANIEL GONZALEZ",
    "direccion": "Sabana",
    "telefono": "",
    "correo": "",
    "clasificacion": 3,
    "fecha_registro": "2025-08-20T15:05:34.110483+00:00",
    "creado_en": "2025-08-20T15:05:34.110483+00:00",
    "actualizado_en": "2025-08-20T15:07:11.353+00:00"
  },
  {
    "id": 46,
    "nombre": "EDISON -laura",
    "direccion": "Parque",
    "telefono": "",
    "correo": "",
    "clasificacion": 3,
    "fecha_registro": "2025-08-20T15:08:44.432298+00:00",
    "creado_en": "2025-08-20T15:08:44.432298+00:00",
    "actualizado_en": "2025-08-20T15:08:44.432298+00:00"
  },
  {
    "id": 24,
    "nombre": "FRANK BAEZ",
    "direccion": "PARQUE ",
    "telefono": "+57 3166470853",
    "correo": "",
    "clasificacion": 2,
    "fecha_registro": "2025-08-20T01:11:46.528641+00:00",
    "creado_en": "2025-08-20T01:11:46.528641+00:00",
    "actualizado_en": "2025-08-20T15:09:08.285+00:00"
  },
  {
    "id": 42,
    "nombre": "FABIAN SOLER",
    "direccion": "Parque L int 4 104",
    "telefono": "3008647449",
    "correo": "",
    "clasificacion": 3,
    "fecha_registro": "2025-08-20T15:02:14.26857+00:00",
    "creado_en": "2025-08-20T15:02:14.26857+00:00",
    "actualizado_en": "2025-09-16T16:55:50.539+00:00"
  },
  {
    "id": 47,
    "nombre": "NATHALY ",
    "direccion": "Parque",
    "telefono": "",
    "correo": "",
    "clasificacion": 3,
    "fecha_registro": "2025-08-20T15:14:07.109542+00:00",
    "creado_en": "2025-08-20T15:14:07.109542+00:00",
    "actualizado_en": "2025-08-20T15:14:07.109542+00:00"
  },
  {
    "id": 48,
    "nombre": "CECY",
    "direccion": "Parque",
    "telefono": "",
    "correo": "",
    "clasificacion": 3,
    "fecha_registro": "2025-08-20T15:15:38.882736+00:00",
    "creado_en": "2025-08-20T15:15:38.882736+00:00",
    "actualizado_en": "2025-08-20T15:15:38.882736+00:00"
  },
  {
    "id": 49,
    "nombre": "EDWIN SOLER",
    "direccion": "Parque ",
    "telefono": "",
    "correo": "",
    "clasificacion": 4,
    "fecha_registro": "2025-08-20T15:22:49.652471+00:00",
    "creado_en": "2025-08-20T15:22:49.652471+00:00",
    "actualizado_en": "2025-08-20T15:22:49.652471+00:00"
  },
  {
    "id": 53,
    "nombre": "NANCY LOPEZ",
    "direccion": "PARQUE",
    "telefono": "",
    "correo": "",
    "clasificacion": 3,
    "fecha_registro": "2025-08-21T00:41:47.738126+00:00",
    "creado_en": "2025-08-21T00:41:47.738126+00:00",
    "actualizado_en": "2025-08-21T00:41:47.738126+00:00"
  },
  {
    "id": 54,
    "nombre": "HERIBERTO",
    "direccion": "CENTRO CARACAS",
    "telefono": "",
    "correo": "",
    "clasificacion": 3,
    "fecha_registro": "2025-08-21T00:54:37.910134+00:00",
    "creado_en": "2025-08-21T00:54:37.910134+00:00",
    "actualizado_en": "2025-08-21T00:54:37.910134+00:00"
  },
  {
    "id": 55,
    "nombre": "FLOR CELIS",
    "direccion": "PARQUE",
    "telefono": "",
    "correo": "",
    "clasificacion": 3,
    "fecha_registro": "2025-08-23T13:02:52.289648+00:00",
    "creado_en": "2025-08-23T13:02:52.289648+00:00",
    "actualizado_en": "2025-08-23T13:02:52.289648+00:00"
  },
  {
    "id": 56,
    "nombre": "RAFA ",
    "direccion": "FERROCARRIL",
    "telefono": "",
    "correo": "",
    "clasificacion": 3,
    "fecha_registro": "2025-08-23T13:19:56.303724+00:00",
    "creado_en": "2025-08-23T13:19:56.303724+00:00",
    "actualizado_en": "2025-08-23T13:19:56.303724+00:00"
  },
  {
    "id": 58,
    "nombre": "ROSENDO",
    "direccion": "PARQUE",
    "telefono": "",
    "correo": "",
    "clasificacion": 3,
    "fecha_registro": "2025-08-23T13:39:54.343511+00:00",
    "creado_en": "2025-08-23T13:39:54.343511+00:00",
    "actualizado_en": "2025-08-23T13:39:54.343511+00:00"
  },
  {
    "id": 60,
    "nombre": "ALEJANDRA LADY",
    "direccion": "PARQUE",
    "telefono": "",
    "correo": "",
    "clasificacion": 4,
    "fecha_registro": "2025-08-23T14:11:20.386309+00:00",
    "creado_en": "2025-08-23T14:11:20.386309+00:00",
    "actualizado_en": "2025-08-23T14:11:20.386309+00:00"
  },
  {
    "id": 61,
    "nombre": "LEIDY YORWIS",
    "direccion": "PARQUE",
    "telefono": "",
    "correo": "",
    "clasificacion": 3,
    "fecha_registro": "2025-08-23T14:14:16.729178+00:00",
    "creado_en": "2025-08-23T14:14:16.729178+00:00",
    "actualizado_en": "2025-08-23T14:14:16.729178+00:00"
  },
  {
    "id": 62,
    "nombre": "JHON SALINAS",
    "direccion": "SABANA",
    "telefono": "",
    "correo": "",
    "clasificacion": 3,
    "fecha_registro": "2025-08-23T14:26:45.283064+00:00",
    "creado_en": "2025-08-23T14:26:45.283064+00:00",
    "actualizado_en": "2025-08-23T14:26:45.283064+00:00"
  },
  {
    "id": 50,
    "nombre": "ROBINSON NEW YORK",
    "direccion": "CC FERROCARRIL",
    "telefono": "3204966508",
    "correo": "",
    "clasificacion": 3,
    "fecha_registro": "2025-08-20T16:17:36.036093+00:00",
    "creado_en": "2025-08-20T16:17:36.036093+00:00",
    "actualizado_en": "2025-08-26T20:27:06.387+00:00"
  },
  {
    "id": 5,
    "nombre": "YANET GONZÁLEZ ",
    "direccion": "Sábana ",
    "telefono": "3132548549",
    "correo": "",
    "clasificacion": 3,
    "fecha_registro": "2025-08-19T20:24:13.919384+00:00",
    "creado_en": "2025-08-19T20:24:13.919384+00:00",
    "actualizado_en": "2025-08-19T20:24:13.919384+00:00"
  },
  {
    "id": 16,
    "nombre": "CARMENSA ",
    "direccion": "Ferrocarril",
    "telefono": "3224153032",
    "correo": "",
    "clasificacion": 3,
    "fecha_registro": "2025-08-19T23:30:42.611566+00:00",
    "creado_en": "2025-08-19T23:30:42.611566+00:00",
    "actualizado_en": "2025-08-19T23:30:42.611566+00:00"
  },
  {
    "id": 20,
    "nombre": "DIEGO MONO",
    "direccion": "FERROCARRIL",
    "telefono": "3126607756",
    "correo": "",
    "clasificacion": 1,
    "fecha_registro": "2025-08-20T01:08:11.501906+00:00",
    "creado_en": "2025-08-20T01:08:11.501906+00:00",
    "actualizado_en": "2025-08-20T01:08:11.501906+00:00"
  },
  {
    "id": 25,
    "nombre": "FREDY ORLANDO ",
    "direccion": "SABANA",
    "telefono": "3103386651",
    "correo": "",
    "clasificacion": 2,
    "fecha_registro": "2025-08-20T01:12:30.662647+00:00",
    "creado_en": "2025-08-20T01:12:30.662647+00:00",
    "actualizado_en": "2025-08-20T01:12:30.662647+00:00"
  },
  {
    "id": 69,
    "nombre": "NANDO GONZALEZ",
    "direccion": "PARQUE ESPAÑA",
    "telefono": "",
    "correo": "",
    "clasificacion": 5,
    "fecha_registro": "2025-10-02T16:44:57.076993+00:00",
    "creado_en": "2025-10-02T16:44:57.076993+00:00",
    "actualizado_en": "2026-02-06T17:38:54.554+00:00"
  },
  {
    "id": 28,
    "nombre": "JESUS",
    "direccion": "SABANA",
    "telefono": "3196887331",
    "correo": "",
    "clasificacion": 3,
    "fecha_registro": "2025-08-20T01:14:38.354857+00:00",
    "creado_en": "2025-08-20T01:14:38.354857+00:00",
    "actualizado_en": "2025-08-20T01:14:38.354857+00:00"
  },
  {
    "id": 59,
    "nombre": "MARCELA CRISTIAN",
    "direccion": "PARQUE ",
    "telefono": "",
    "correo": "",
    "clasificacion": 2,
    "fecha_registro": "2025-08-23T13:52:09.014467+00:00",
    "creado_en": "2025-08-23T13:52:09.014467+00:00",
    "actualizado_en": "2025-08-23T13:52:09.014467+00:00"
  },
  {
    "id": 51,
    "nombre": "Nelly González ",
    "direccion": "SABANA ",
    "telefono": "",
    "correo": "",
    "clasificacion": 4,
    "fecha_registro": "2025-08-20T20:08:03.181811+00:00",
    "creado_en": "2025-08-20T20:08:03.181811+00:00",
    "actualizado_en": "2025-08-20T20:08:03.181811+00:00"
  },
  {
    "id": 52,
    "nombre": "LEIDY PAOLA  TORRES",
    "direccion": "Sabana",
    "telefono": "3043945256",
    "correo": "",
    "clasificacion": 3,
    "fecha_registro": "2025-08-20T20:23:04.083007+00:00",
    "creado_en": "2025-08-20T20:23:04.083007+00:00",
    "actualizado_en": "2025-08-20T20:23:04.083007+00:00"
  },
  {
    "id": 73,
    "nombre": "Diego",
    "direccion": "parque",
    "telefono": "",
    "correo": "",
    "clasificacion": 3,
    "fecha_registro": "2025-10-24T18:10:56.39314+00:00",
    "creado_en": "2025-10-24T18:10:56.39314+00:00",
    "actualizado_en": "2025-10-24T18:10:56.39314+00:00"
  },
  {
    "id": 65,
    "nombre": "magdalena",
    "direccion": "parque",
    "telefono": "",
    "correo": "",
    "clasificacion": 3,
    "fecha_registro": "2025-09-24T15:13:24.161294+00:00",
    "creado_en": "2025-09-24T15:13:24.161294+00:00",
    "actualizado_en": "2025-09-24T15:13:24.161294+00:00"
  },
  {
    "id": 66,
    "nombre": "ANDREA  DIAZ",
    "direccion": "PARQUE ",
    "telefono": "",
    "correo": "",
    "clasificacion": 3,
    "fecha_registro": "2025-09-24T15:19:03.390531+00:00",
    "creado_en": "2025-09-24T15:19:03.390531+00:00",
    "actualizado_en": "2025-09-24T15:19:03.390531+00:00"
  },
  {
    "id": 72,
    "nombre": "ADENIS ARIAS",
    "direccion": "parque",
    "telefono": "",
    "correo": "",
    "clasificacion": 3,
    "fecha_registro": "2025-10-21T12:41:42.915244+00:00",
    "creado_en": "2025-10-21T12:41:42.915244+00:00",
    "actualizado_en": "2026-01-30T20:57:50.551+00:00"
  },
  {
    "id": 64,
    "nombre": "LUZ",
    "direccion": "parque",
    "telefono": "",
    "correo": "",
    "clasificacion": 4,
    "fecha_registro": "2025-09-24T15:02:09.479713+00:00",
    "creado_en": "2025-09-24T15:02:09.479713+00:00",
    "actualizado_en": "2025-09-24T15:25:35.17+00:00"
  },
  {
    "id": 67,
    "nombre": "JUAN PABLO ",
    "direccion": "Ferrocarril",
    "telefono": "",
    "correo": "",
    "clasificacion": 5,
    "fecha_registro": "2025-09-24T23:16:40.445297+00:00",
    "creado_en": "2025-09-24T23:16:40.445297+00:00",
    "actualizado_en": "2025-09-24T23:16:40.445297+00:00"
  },
  {
    "id": 68,
    "nombre": "yurany",
    "direccion": "parque",
    "telefono": "",
    "correo": "",
    "clasificacion": 3,
    "fecha_registro": "2025-10-02T16:39:52.147118+00:00",
    "creado_en": "2025-10-02T16:39:52.147118+00:00",
    "actualizado_en": "2025-10-02T16:39:52.147118+00:00"
  },
  {
    "id": 3,
    "nombre": "HECTOR SANABRIA HERMANO DE ADRIAN",
    "direccion": "SABANA",
    "telefono": "34399393",
    "correo": "hm@gmail.com",
    "clasificacion": 5,
    "fecha_registro": "2025-08-14T18:57:27.026372+00:00",
    "creado_en": "2025-08-14T18:57:27.026372+00:00",
    "actualizado_en": "2025-10-02T21:41:32.088+00:00"
  },
  {
    "id": 70,
    "nombre": "yina",
    "direccion": "ferrocarril",
    "telefono": "",
    "correo": "",
    "clasificacion": 3,
    "fecha_registro": "2025-10-10T18:46:57.305067+00:00",
    "creado_en": "2025-10-10T18:46:57.305067+00:00",
    "actualizado_en": "2025-10-10T18:46:57.305067+00:00"
  },
  {
    "id": 71,
    "nombre": "mary mamade yina",
    "direccion": "ferrocarril",
    "telefono": "",
    "correo": "",
    "clasificacion": 3,
    "fecha_registro": "2025-10-10T18:48:01.307406+00:00",
    "creado_en": "2025-10-10T18:48:01.307406+00:00",
    "actualizado_en": "2025-10-10T18:48:01.307406+00:00"
  },
  {
    "id": 74,
    "nombre": "NANCY  FERROCARRIL",
    "direccion": "FERROOCARRIL",
    "telefono": "",
    "correo": "",
    "clasificacion": 3,
    "fecha_registro": "2025-11-12T16:14:07.238749+00:00",
    "creado_en": "2025-11-12T16:14:07.238749+00:00",
    "actualizado_en": "2025-11-12T16:14:30.889+00:00"
  },
  {
    "id": 75,
    "nombre": "ANDREA BOSA",
    "direccion": "BOSA",
    "telefono": "",
    "correo": "",
    "clasificacion": 3,
    "fecha_registro": "2025-11-12T16:30:15.485152+00:00",
    "creado_en": "2025-11-12T16:30:15.485152+00:00",
    "actualizado_en": "2025-11-12T16:30:15.485152+00:00"
  },
  {
    "id": 76,
    "nombre": "gillermo carros",
    "direccion": "",
    "telefono": "",
    "correo": "",
    "clasificacion": 3,
    "fecha_registro": "2025-11-12T17:48:18.154774+00:00",
    "creado_en": "2025-11-12T17:48:18.154774+00:00",
    "actualizado_en": "2025-11-12T17:48:53.896+00:00"
  },
  {
    "id": 33,
    "nombre": "LUCHO",
    "direccion": "Ferrocarril",
    "telefono": "",
    "correo": "",
    "clasificacion": 3,
    "fecha_registro": "2025-08-20T14:54:25.695692+00:00",
    "creado_en": "2025-08-20T14:54:25.695692+00:00",
    "actualizado_en": "2025-11-13T15:36:44.755+00:00"
  },
  {
    "id": 77,
    "nombre": "marcos veneno",
    "direccion": "",
    "telefono": "",
    "correo": "",
    "clasificacion": 3,
    "fecha_registro": "2025-11-14T14:01:59.718804+00:00",
    "creado_en": "2025-11-14T14:01:59.718804+00:00",
    "actualizado_en": "2025-11-14T14:01:59.718804+00:00"
  },
  {
    "id": 17,
    "nombre": "ARNOL DIAZ PENAGOS",
    "direccion": "SABANA ",
    "telefono": "+57 3142418173",
    "correo": "",
    "clasificacion": 2,
    "fecha_registro": "2025-08-20T00:58:19.107899+00:00",
    "creado_en": "2025-08-20T00:58:19.107899+00:00",
    "actualizado_en": "2025-11-21T17:05:55.966+00:00"
  },
  {
    "id": 57,
    "nombre": "PEDRO MANDRIVA ",
    "direccion": "SABANA ",
    "telefono": "",
    "correo": "",
    "clasificacion": 1,
    "fecha_registro": "2025-08-23T13:21:38.810485+00:00",
    "creado_en": "2025-08-23T13:21:38.810485+00:00",
    "actualizado_en": "2025-11-21T17:07:23.348+00:00"
  },
  {
    "id": 4,
    "nombre": "ADRIAN BARRERA ALBARRACIN",
    "direccion": "Sábana local ",
    "telefono": "3115793179",
    "correo": "",
    "clasificacion": 3,
    "fecha_registro": "2025-08-19T20:18:27.77722+00:00",
    "creado_en": "2025-08-19T20:18:27.77722+00:00",
    "actualizado_en": "2026-02-06T17:35:21.874+00:00"
  },
  {
    "id": 79,
    "nombre": "laura ramos",
    "direccion": "sabanas",
    "telefono": "",
    "correo": "",
    "clasificacion": 3,
    "fecha_registro": "2025-12-01T16:35:42.619344+00:00",
    "creado_en": "2025-12-01T16:35:42.619344+00:00",
    "actualizado_en": "2025-12-01T16:35:42.619344+00:00"
  },
  {
    "id": 80,
    "nombre": "Gloria sabana",
    "direccion": "",
    "telefono": "",
    "correo": "",
    "clasificacion": 3,
    "fecha_registro": "2025-12-09T20:36:32.306003+00:00",
    "creado_en": "2025-12-09T20:36:32.306003+00:00",
    "actualizado_en": "2025-12-09T20:36:32.306003+00:00"
  },
  {
    "id": 81,
    "nombre": "luz marina",
    "direccion": "sabana",
    "telefono": "",
    "correo": "",
    "clasificacion": 2,
    "fecha_registro": "2025-12-22T14:26:03.208024+00:00",
    "creado_en": "2025-12-22T14:26:03.208024+00:00",
    "actualizado_en": "2025-12-22T14:26:03.208024+00:00"
  },
  {
    "id": 82,
    "nombre": "flor arias",
    "direccion": "parque",
    "telefono": "",
    "correo": "",
    "clasificacion": 3,
    "fecha_registro": "2025-12-22T14:37:02.690292+00:00",
    "creado_en": "2025-12-22T14:37:02.690292+00:00",
    "actualizado_en": "2025-12-22T14:37:02.690292+00:00"
  },
  {
    "id": 83,
    "nombre": "marcela  daniel",
    "direccion": "ferrocarril",
    "telefono": "",
    "correo": "",
    "clasificacion": 3,
    "fecha_registro": "2025-12-22T14:40:31.90682+00:00",
    "creado_en": "2025-12-22T14:40:31.90682+00:00",
    "actualizado_en": "2025-12-22T14:40:31.90682+00:00"
  },
  {
    "id": 26,
    "nombre": "HECTOR GONZALEZ",
    "direccion": "PARQUE",
    "telefono": "3215762269",
    "correo": "",
    "clasificacion": 3,
    "fecha_registro": "2025-08-20T01:13:15.067578+00:00",
    "creado_en": "2025-08-20T01:13:15.067578+00:00",
    "actualizado_en": "2026-01-31T15:18:13.384+00:00"
  },
  {
    "id": 84,
    "nombre": "juan perez",
    "direccion": "",
    "telefono": "311123456",
    "correo": "",
    "clasificacion": 3,
    "fecha_registro": "2026-01-19T12:30:55.108229+00:00",
    "creado_en": "2026-01-19T12:30:55.108229+00:00",
    "actualizado_en": "2026-01-19T12:30:55.108229+00:00"
  },
  {
    "id": 85,
    "nombre": "zzz",
    "direccion": "",
    "telefono": "234242342",
    "correo": "",
    "clasificacion": 3,
    "fecha_registro": "2026-01-19T18:54:11.349726+00:00",
    "creado_en": "2026-01-19T18:54:11.349726+00:00",
    "actualizado_en": "2026-01-19T18:54:11.349726+00:00"
  },
  {
    "id": 86,
    "nombre": "Angie Triviño",
    "direccion": "",
    "telefono": "",
    "correo": "",
    "clasificacion": 3,
    "fecha_registro": "2026-01-22T12:53:37.130807+00:00",
    "creado_en": "2026-01-22T12:53:37.130807+00:00",
    "actualizado_en": "2026-01-22T12:53:37.130807+00:00"
  },
  {
    "id": 32,
    "nombre": "LUCERO ",
    "direccion": "Parque ",
    "telefono": "3112964773",
    "correo": "",
    "clasificacion": 3,
    "fecha_registro": "2025-08-20T14:53:57.15604+00:00",
    "creado_en": "2025-08-20T14:53:57.15604+00:00",
    "actualizado_en": "2026-01-22T13:10:00.503+00:00"
  },
  {
    "id": 87,
    "nombre": "SEBASTIAN FELIPE",
    "direccion": "PARQUEADERO 18",
    "telefono": "3024794417",
    "correo": "",
    "clasificacion": 3,
    "fecha_registro": "2026-01-22T15:51:58.568898+00:00",
    "creado_en": "2026-01-22T15:51:58.568898+00:00",
    "actualizado_en": "2026-01-22T15:51:58.568898+00:00"
  },
  {
    "id": 88,
    "nombre": "PAOLA HUERTAS",
    "direccion": "",
    "telefono": "3245900467",
    "correo": "pao.lacreativaa@gmail.com",
    "clasificacion": 3,
    "fecha_registro": "2026-01-22T17:04:31.572991+00:00",
    "creado_en": "2026-01-22T17:04:31.572991+00:00",
    "actualizado_en": "2026-01-22T17:04:31.572991+00:00"
  },
  {
    "id": 89,
    "nombre": "DOR ORLANDO TAT",
    "direccion": "",
    "telefono": "3004583117",
    "correo": "",
    "clasificacion": 3,
    "fecha_registro": "2026-01-22T20:16:27.344754+00:00",
    "creado_en": "2026-01-22T20:16:27.344754+00:00",
    "actualizado_en": "2026-01-22T20:16:27.344754+00:00"
  },
  {
    "id": 90,
    "nombre": "MICHELL SARITA BALLESTEROS",
    "direccion": "3118507353",
    "telefono": "",
    "correo": "",
    "clasificacion": 3,
    "fecha_registro": "2026-01-22T20:56:45.538242+00:00",
    "creado_en": "2026-01-22T20:56:45.538242+00:00",
    "actualizado_en": "2026-01-22T20:56:45.538242+00:00"
  },
  {
    "id": 91,
    "nombre": "HUGO GALINDO",
    "direccion": "PARQUE ESPAÑA",
    "telefono": "3024528329",
    "correo": "",
    "clasificacion": 4,
    "fecha_registro": "2026-01-26T16:59:26.205012+00:00",
    "creado_en": "2026-01-26T16:59:26.205012+00:00",
    "actualizado_en": "2026-01-26T16:59:26.205012+00:00"
  },
  {
    "id": 92,
    "nombre": "ALIX ACEBEDO",
    "direccion": "PARQUE ESPAÑA",
    "telefono": "3024528329",
    "correo": "",
    "clasificacion": 3,
    "fecha_registro": "2026-01-27T14:12:25.627205+00:00",
    "creado_en": "2026-01-27T14:12:25.627205+00:00",
    "actualizado_en": "2026-01-27T14:12:25.627205+00:00"
  },
  {
    "id": 93,
    "nombre": "CARLOS NELLY",
    "direccion": "PARQUE ESPAÑA",
    "telefono": "3024528329",
    "correo": "",
    "clasificacion": 3,
    "fecha_registro": "2026-01-27T22:25:53.793669+00:00",
    "creado_en": "2026-01-27T22:25:53.793669+00:00",
    "actualizado_en": "2026-01-27T22:25:53.793669+00:00"
  },
  {
    "id": 94,
    "nombre": "CAMILO SEPULVEDA",
    "direccion": "PARQUE ESPAÑA",
    "telefono": "3197287297",
    "correo": "",
    "clasificacion": 3,
    "fecha_registro": "2026-01-27T22:42:14.699561+00:00",
    "creado_en": "2026-01-27T22:42:14.699561+00:00",
    "actualizado_en": "2026-01-27T22:42:14.699561+00:00"
  },
  {
    "id": 63,
    "nombre": "MARCOS SEPULVEDA",
    "direccion": "parque ",
    "telefono": "",
    "correo": "",
    "clasificacion": 5,
    "fecha_registro": "2025-09-24T14:47:08.668954+00:00",
    "creado_en": "2025-09-24T14:47:08.668954+00:00",
    "actualizado_en": "2026-01-27T23:06:44.074+00:00"
  },
  {
    "id": 95,
    "nombre": "LA MINA",
    "direccion": "",
    "telefono": "3024528329",
    "correo": "",
    "clasificacion": 4,
    "fecha_registro": "2026-01-30T21:58:26.955035+00:00",
    "creado_en": "2026-01-30T21:58:26.955035+00:00",
    "actualizado_en": "2026-01-30T21:58:26.955035+00:00"
  },
  {
    "id": 96,
    "nombre": "HAROL ",
    "direccion": "FUNDACION",
    "telefono": "",
    "correo": "",
    "clasificacion": 3,
    "fecha_registro": "2026-01-31T23:19:39.485856+00:00",
    "creado_en": "2026-01-31T23:19:39.485856+00:00",
    "actualizado_en": "2026-01-31T23:19:39.485856+00:00"
  },
  {
    "id": 97,
    "nombre": "YOLIMA SOLER",
    "direccion": "PARQUE ESPAÑA",
    "telefono": "302 4528329",
    "correo": "",
    "clasificacion": 3,
    "fecha_registro": "2026-02-02T15:23:44.364662+00:00",
    "creado_en": "2026-02-02T15:23:44.364662+00:00",
    "actualizado_en": "2026-02-02T15:23:44.364662+00:00"
  },
  {
    "id": 98,
    "nombre": "OSCAR LEON",
    "direccion": "BODEGA",
    "telefono": "3123439561",
    "correo": "",
    "clasificacion": 3,
    "fecha_registro": "2026-02-02T16:29:10.512741+00:00",
    "creado_en": "2026-02-02T16:29:10.512741+00:00",
    "actualizado_en": "2026-02-02T16:29:10.512741+00:00"
  },
  {
    "id": 99,
    "nombre": "JORGE TOVAR ",
    "direccion": "TAT",
    "telefono": "",
    "correo": "",
    "clasificacion": 3,
    "fecha_registro": "2026-02-04T12:55:38.050356+00:00",
    "creado_en": "2026-02-04T12:55:38.050356+00:00",
    "actualizado_en": "2026-02-04T12:55:38.050356+00:00"
  },
  {
    "id": 100,
    "nombre": "CRISTIAN PRIETO",
    "direccion": "PARQUE ESPAÑA",
    "telefono": "",
    "correo": "",
    "clasificacion": 3,
    "fecha_registro": "2026-02-04T13:00:07.965972+00:00",
    "creado_en": "2026-02-04T13:00:07.965972+00:00",
    "actualizado_en": "2026-02-04T13:00:07.965972+00:00"
  },
  {
    "id": 101,
    "nombre": "JAVIER PINEDA",
    "direccion": "",
    "telefono": "3024528329",
    "correo": "",
    "clasificacion": 3,
    "fecha_registro": "2026-02-05T22:26:52.412166+00:00",
    "creado_en": "2026-02-05T22:26:52.412166+00:00",
    "actualizado_en": "2026-02-05T22:26:52.412166+00:00"
  },
  {
    "id": 102,
    "nombre": "ANGUIE AGUILAR",
    "direccion": "PARQUE ESPAÑA",
    "telefono": "",
    "correo": "",
    "clasificacion": 3,
    "fecha_registro": "2026-02-06T17:37:11.489776+00:00",
    "creado_en": "2026-02-06T17:37:11.489776+00:00",
    "actualizado_en": "2026-02-06T17:37:11.489776+00:00"
  },
  {
    "id": 103,
    "nombre": "ORCAR MORALES",
    "direccion": "PARQUE ESPAÑA",
    "telefono": "",
    "correo": "",
    "clasificacion": 3,
    "fecha_registro": "2026-02-06T17:44:42.669439+00:00",
    "creado_en": "2026-02-06T17:44:42.669439+00:00",
    "actualizado_en": "2026-02-06T17:44:42.669439+00:00"
  },
  {
    "id": 104,
    "nombre": "OSCAR MORALES",
    "direccion": "PARQUE ESPAÑA",
    "telefono": "",
    "correo": "",
    "clasificacion": 3,
    "fecha_registro": "2026-02-06T17:45:20.016731+00:00",
    "creado_en": "2026-02-06T17:45:20.016731+00:00",
    "actualizado_en": "2026-02-06T17:45:20.016731+00:00"
  },
  {
    "id": 106,
    "nombre": "FREDY MEDINA",
    "direccion": "PARQUE ESPAÑA",
    "telefono": "3168293143",
    "correo": "",
    "clasificacion": 3,
    "fecha_registro": "2026-02-07T16:33:20.89073+00:00",
    "creado_en": "2026-02-07T16:33:20.89073+00:00",
    "actualizado_en": "2026-02-07T16:33:20.89073+00:00"
  },
  {
    "id": 107,
    "nombre": "ALBEIRO ARIAS GUZMAN",
    "direccion": "PARQUE ESPAÑA",
    "telefono": "3024528329",
    "correo": "",
    "clasificacion": 3,
    "fecha_registro": "2026-02-07T16:36:30.968451+00:00",
    "creado_en": "2026-02-07T16:36:30.968451+00:00",
    "actualizado_en": "2026-02-07T16:36:30.968451+00:00"
  },
  {
    "id": 108,
    "nombre": "OMAIRA MUÑOZ",
    "direccion": "PARQUE ESPAÑA",
    "telefono": "",
    "correo": "",
    "clasificacion": 3,
    "fecha_registro": "2026-02-09T15:34:57.233618+00:00",
    "creado_en": "2026-02-09T15:34:57.233618+00:00",
    "actualizado_en": "2026-02-09T15:34:57.233618+00:00"
  },
  {
    "id": 109,
    "nombre": "JOHANA TORRES LA ALIANZA",
    "direccion": "PARQUE EPAÑA",
    "telefono": "3134374559",
    "correo": "",
    "clasificacion": 3,
    "fecha_registro": "2026-02-11T16:09:52.432536+00:00",
    "creado_en": "2026-02-11T16:09:52.432536+00:00",
    "actualizado_en": "2026-02-11T16:09:52.432536+00:00"
  },
  {
    "id": 110,
    "nombre": "DANIEL ARIAS",
    "direccion": "SABANA",
    "telefono": "",
    "correo": "",
    "clasificacion": 3,
    "fecha_registro": "2026-02-11T16:18:24.773704+00:00",
    "creado_en": "2026-02-11T16:18:24.773704+00:00",
    "actualizado_en": "2026-02-11T16:18:24.773704+00:00"
  },
  {
    "id": 111,
    "nombre": "DANIEL ESPETIA",
    "direccion": "FERROCAL",
    "telefono": "",
    "correo": "",
    "clasificacion": 3,
    "fecha_registro": "2026-02-11T16:21:40.129907+00:00",
    "creado_en": "2026-02-11T16:21:40.129907+00:00",
    "actualizado_en": "2026-02-11T16:21:40.129907+00:00"
  },
  {
    "id": 112,
    "nombre": "NEVARDO",
    "direccion": "",
    "telefono": "",
    "correo": "",
    "clasificacion": 3,
    "fecha_registro": "2026-02-11T16:23:00.010692+00:00",
    "creado_en": "2026-02-11T16:23:00.010692+00:00",
    "actualizado_en": "2026-02-11T16:23:00.010692+00:00"
  },
  {
    "id": 113,
    "nombre": "ENRRIQUE GOMEZ",
    "direccion": "PARQUE ESPAÑA",
    "telefono": "",
    "correo": "",
    "clasificacion": 3,
    "fecha_registro": "2026-02-11T16:24:05.55423+00:00",
    "creado_en": "2026-02-11T16:24:05.55423+00:00",
    "actualizado_en": "2026-02-11T16:24:05.55423+00:00"
  },
  {
    "id": 114,
    "nombre": "NATALIA GALEANO",
    "direccion": "PARQUE ESPAÑA",
    "telefono": "",
    "correo": "",
    "clasificacion": 3,
    "fecha_registro": "2026-02-11T17:02:16.872288+00:00",
    "creado_en": "2026-02-11T17:02:16.872288+00:00",
    "actualizado_en": "2026-02-11T17:02:16.872288+00:00"
  },
  {
    "id": 115,
    "nombre": "EDWIN COSMETICOS",
    "direccion": "PARQUE ESPAÑA",
    "telefono": "",
    "correo": "",
    "clasificacion": 3,
    "fecha_registro": "2026-02-12T14:26:56.688733+00:00",
    "creado_en": "2026-02-12T14:26:56.688733+00:00",
    "actualizado_en": "2026-02-12T14:26:56.688733+00:00"
  },
  {
    "id": 116,
    "nombre": "JESUS TAT",
    "direccion": "BODEGA",
    "telefono": "3212070200",
    "correo": "",
    "clasificacion": 3,
    "fecha_registro": "2026-02-18T17:50:58.807152+00:00",
    "creado_en": "2026-02-18T17:50:58.807152+00:00",
    "actualizado_en": "2026-02-18T17:50:58.807152+00:00"
  },
  {
    "id": 105,
    "nombre": "ORLANDO GARCIA PRADO",
    "direccion": "PARQUEADERO",
    "telefono": "3132109871",
    "correo": "",
    "clasificacion": 3,
    "fecha_registro": "2026-02-06T17:58:05.173708+00:00",
    "creado_en": "2026-02-06T17:58:05.173708+00:00",
    "actualizado_en": "2026-02-20T17:19:24.952+00:00"
  },
  {
    "id": 117,
    "nombre": "Angie Santos Kairos",
    "direccion": "Parque España interior 13 local 109",
    "telefono": "3017340187",
    "correo": "",
    "clasificacion": 3,
    "fecha_registro": "2026-02-20T17:21:47.709436+00:00",
    "creado_en": "2026-02-20T17:21:47.709436+00:00",
    "actualizado_en": "2026-02-20T17:21:47.709436+00:00"
  }
]