{
  "fecha": "2026-02-23T17:43:34.335Z",
  "proyecto": "https://tu-proyecto.supabase.co",
  "tablas": [
    {
      "tabla": "abonos",
      "expected": null,
      "downloaded": 0,
      "status": "ERROR",
      "error": "TypeError: fetch failed"
    },
    {
      "tabla": "clientes",
      "expected": null,
      "downloaded": 0,
      "status": "ERROR",
      "error": "TypeError: fetch failed"
    },
    {
      "tabla": "facturas",
      "expected": null,
      "downloaded": 0,
      "status": "ERROR",
      "error": "TypeError: fetch failed"
    },
    {
      "tabla": "pedidos",
      "expected": null,
      "downloaded": 0,
      "status": "ERROR",
      "error": "TypeError: fetch failed"
    },
    {
      "tabla": "productos",
      "expected": null,
      "downloaded": 0,
      "status": "ERROR",
      "error": "TypeError: fetch failed"
    }
  ],
  "tablas_procesadas": 0,
  "tablas_totales": 5,
  "total_registros": 0,
  "estado": "INCOMPLETE"
}