"id","factura_id","fecha","monto","metodo","nota","created_at"
4,22,"2025-08-14",500000,"Efectivo","Neki","2025-08-20T20:25:12.007761+00:00"
5,17,"2025-08-20",1500000,"Efectivo",,"2025-08-20T20:45:33.142228+00:00"
6,27,"2025-08-21",6250,"Efectivo","DESCUENTO FALTAN 2 MAUINAS","2025-08-21T01:00:07.201577+00:00"
7,39,"2025-08-20",524000,"Transferencia","neki","2025-08-21T17:08:35.917925+00:00"
9,44,"2025-08-06",250000,"Efectivo",,"2025-08-21T17:18:37.733405+00:00"
10,46,"2025-07-21",504000,"Efectivo",,"2025-08-21T17:28:58.126674+00:00"
11,47,"2025-08-12",858000,"Efectivo",,"2025-08-21T17:33:03.323386+00:00"
12,48,"2025-08-14",250000,"Efectivo",,"2025-08-22T13:28:41.332955+00:00"
13,78,"2025-08-21",200000,"Efectivo","NEKI","2025-08-22T15:33:24.58757+00:00"
14,91,"2025-08-14",300000,"Efectivo",,"2025-08-22T21:29:10.016186+00:00"
15,91,"2025-08-20",450000,"Efectivo",,"2025-08-22T21:29:36.23921+00:00"
16,91,"2025-08-22",210000,"Efectivo",,"2025-08-22T21:29:46.212542+00:00"
17,44,"2025-08-22",506000,"Efectivo",,"2025-08-22T21:49:40.833684+00:00"
19,99,"2025-06-25",200000,"Efectivo",,"2025-08-23T12:53:45.305937+00:00"
20,99,"2025-06-14",200000,"Efectivo",,"2025-08-23T12:54:31.574894+00:00"
21,112,"2025-08-06",2600000,"Efectivo",,"2025-08-23T13:30:27.899198+00:00"
22,123,"2025-08-18",164000,"Efectivo",,"2025-08-23T13:56:36.477387+00:00"
23,126,"2025-08-04",400000,"Efectivo",,"2025-08-23T14:02:19.147478+00:00"
24,129,"2025-05-26",400000,"Efectivo",,"2025-08-23T14:06:52.085088+00:00"
25,129,"2025-08-11",399999.76,"Efectivo",,"2025-08-23T14:07:09.99177+00:00"
26,131,"2025-05-04",500000,"Efectivo",,"2025-08-23T14:13:27.907557+00:00"
30,138,"2025-06-23",1900000,"Efectivo",,"2025-08-23T14:25:27.08234+00:00"
31,141,"2025-02-25",900000,"Efectivo",,"2025-08-23T14:30:02.419912+00:00"
32,141,"2025-07-23",400000,"Efectivo",,"2025-08-23T14:30:15.167591+00:00"
33,145,"2025-08-21",500000,"Efectivo",,"2025-08-23T14:34:19.878424+00:00"
34,58,"2025-08-23",120000,"Efectivo",,"2025-08-23T14:54:44.607701+00:00"
35,146,"2025-08-22",200000,"Efectivo",,"2025-08-23T14:57:45.608977+00:00"
36,147,"2025-08-23",1000000,"Efectivo",,"2025-08-23T15:00:41.894349+00:00"
37,44,"2025-08-20",900000,"Efectivo",,"2025-08-23T15:34:04.503399+00:00"
38,65,"2025-08-19",349000,"Efectivo",,"2025-08-23T15:49:38.857492+00:00"
39,86,"2025-08-22",200000,"Efectivo",,"2025-08-23T15:53:14.528184+00:00"
40,153,"2025-07-12",500000,"Efectivo",,"2025-08-23T16:00:59.707868+00:00"
41,106,"2025-08-14",300000,"Efectivo",,"2025-08-23T16:21:31.057428+00:00"
42,103,"2025-08-20",200000,"Efectivo",,"2025-08-23T16:23:53.561699+00:00"
43,126,"2025-08-25",200000,"Efectivo",,"2025-08-25T20:23:18.202131+00:00"
44,99,"2025-08-25",100000,"Efectivo",,"2025-08-25T20:28:17.880746+00:00"
45,97,"2025-08-22",250000,"Efectivo",,"2025-08-25T20:52:31.26117+00:00"
46,97,"2025-08-25",200000,"Efectivo",,"2025-08-25T20:52:45.984611+00:00"
47,60,"2025-08-25",200000,"Efectivo","Nequi","2025-08-25T21:30:59.575834+00:00"
48,39,"2025-08-25",135000,"Transferencia","Nequi","2025-08-25T22:13:44.477787+00:00"
49,65,"2025-08-25",461000,"Efectivo",,"2025-08-25T22:30:17.342644+00:00"
50,21,"2025-08-26",3900000,"Efectivo",,"2025-08-26T21:11:12.305781+00:00"
51,85,"2025-08-26",368000,"Efectivo",,"2025-08-26T21:46:53.842144+00:00"
52,111,"2025-08-26",500000,"Efectivo",,"2025-08-26T21:54:59.390729+00:00"
53,48,"2025-08-26",200000,"Efectivo",,"2025-08-26T22:02:19.836286+00:00"
54,115,"2025-08-06",413000,"Efectivo",,"2025-08-27T21:22:32.544301+00:00"
55,115,"2025-08-27",500000,"Efectivo","Davi","2025-08-27T21:22:52.263689+00:00"
56,146,"2025-08-27",200000,"Efectivo",,"2025-08-27T21:48:04.146361+00:00"
57,78,"2025-08-27",200000,"Efectivo",,"2025-08-27T22:20:21.767105+00:00"
58,112,"2025-08-28",356000,"Efectivo",,"2025-08-28T20:31:59.192819+00:00"
59,9,"2025-08-28",1000000,"Efectivo",,"2025-08-28T20:33:20.645671+00:00"
60,131,"2025-08-28",508000,"Efectivo",,"2025-08-28T20:44:49.905164+00:00"
61,128,"2025-08-28",300000,"Efectivo",,"2025-08-28T20:45:36.785308+00:00"
62,103,"2025-08-28",100000,"Efectivo",,"2025-08-28T21:14:16.468084+00:00"
63,103,"2025-08-28",80000,"Efectivo",,"2025-08-28T21:15:16.834319+00:00"
64,90,"2025-08-29",250000,"Efectivo",,"2025-08-29T20:40:31.803191+00:00"
65,108,"2025-08-29",500000,"Transferencia","Nequi ","2025-08-29T21:01:57.981978+00:00"
66,108,"2025-08-27",500000,"Efectivo","Nequi","2025-08-29T21:22:36.311595+00:00"
67,108,"2025-08-22",500000,"Efectivo",,"2025-08-29T21:23:29.663855+00:00"
68,108,"2025-08-12",206000,"Efectivo",,"2025-08-29T21:24:04.617425+00:00"
69,48,"2025-08-29",200000,"Transferencia",,"2025-08-29T22:25:25.427714+00:00"
70,118,"2025-08-30",100000,"Efectivo",,"2025-08-30T21:26:26.096961+00:00"
71,151,"2025-08-30",50000,"Efectivo",,"2025-08-30T21:34:54.363671+00:00"
72,106,"2025-08-30",300000,"Efectivo",,"2025-08-30T21:45:40.798762+00:00"
73,78,"2025-08-30",200000,"Efectivo",,"2025-08-30T21:59:46.012049+00:00"
74,99,"2025-08-30",100000,"Efectivo",,"2025-08-30T22:10:53.471089+00:00"
75,90,"2025-08-30",250000,"Efectivo",,"2025-08-30T22:21:55.193721+00:00"
76,146,"2025-08-30",200000,"Efectivo",,"2025-08-30T22:26:24.411789+00:00"
77,45,"2025-08-30",176000,"Efectivo",,"2025-08-30T22:33:35.651038+00:00"
78,62,"2025-08-30",176000,"Efectivo",,"2025-08-30T22:37:29.690342+00:00"
79,39,"2025-08-30",229000,"Efectivo",,"2025-08-30T22:41:47.150674+00:00"
80,78,"2025-09-01",200000,"Efectivo",,"2025-09-01T20:39:30.556749+00:00"
81,9,"2025-09-01",1112000,"Efectivo",,"2025-09-01T21:43:34.648378+00:00"
82,115,"2025-09-01",347000,"Efectivo",,"2025-09-01T21:58:41.948434+00:00"
83,145,"2025-09-01",300000,"Efectivo",,"2025-09-01T22:12:50.511599+00:00"
84,66,"2025-09-01",500000,"Efectivo",,"2025-09-01T22:21:24.724629+00:00"
85,111,"2025-09-01",846000,"Efectivo",,"2025-09-01T23:02:44.5134+00:00"
86,108,"2025-08-30",572000,"Efectivo",,"2025-09-01T23:10:10.189487+00:00"
87,75,"2025-09-02",200000,"Efectivo",,"2025-09-02T20:36:37.104456+00:00"
88,151,"2025-09-02",50000,"Efectivo",,"2025-09-02T20:37:10.536322+00:00"
89,126,"2025-09-02",150000,"Efectivo",,"2025-09-02T20:45:25.328714+00:00"
90,90,"2025-09-02",400000,"Efectivo",,"2025-09-02T20:52:39.458623+00:00"
91,168,"2025-09-02",550500,"Efectivo",,"2025-09-03T13:46:00.828305+00:00"
92,105,"2025-09-03",440000,"Efectivo",,"2025-09-03T22:42:38.326391+00:00"
93,89,"2025-09-03",220000,"Efectivo",,"2025-09-03T22:43:23.069346+00:00"
94,114,"2025-09-03",500000,"Efectivo",,"2025-09-03T22:48:20.936124+00:00"
95,123,"2025-09-04",96000,"Efectivo",,"2025-09-04T21:21:15.231868+00:00"
96,125,"2025-09-04",304000,"Efectivo",,"2025-09-04T21:21:45.177994+00:00"
97,60,"2025-09-04",200000,"Efectivo",,"2025-09-04T21:22:08.911595+00:00"
98,133,"2025-08-22",400000,"Efectivo",,"2025-09-05T20:00:59.105552+00:00"
99,133,"2025-09-05",680000,"Efectivo",,"2025-09-05T20:03:11.389908+00:00"
100,11,"2025-09-05",200000,"Efectivo",,"2025-09-05T20:52:00.180175+00:00"
101,43,"2025-09-05",32000,"Efectivo",,"2025-09-05T20:55:43.579486+00:00"
102,108,"2025-09-05",700000,"Efectivo",,"2025-09-05T21:06:46.946151+00:00"
103,75,"2025-09-05",150000,"Efectivo",,"2025-09-05T21:44:51.409641+00:00"
104,99,"2025-09-06",100000,"Efectivo",,"2025-09-06T21:56:13.260092+00:00"
105,78,"2025-09-06",200000,"Efectivo",,"2025-09-06T21:59:56.849436+00:00"
106,108,"2025-09-08",250000,"Efectivo",,"2025-09-08T21:45:44.055024+00:00"
107,36,"2025-09-09",217000,"Efectivo",,"2025-09-09T20:26:49.985844+00:00"
108,36,"2025-09-09",173000,"Efectivo",,"2025-09-09T20:28:15.012964+00:00"
109,38,"2025-09-09",1000000,"Efectivo",,"2025-09-09T21:17:10.726033+00:00"
110,60,"2025-09-09",100000,"Efectivo",,"2025-09-09T21:53:01.940151+00:00"
112,182,"2025-09-10",360000,"Efectivo",,"2025-09-10T12:50:53.236939+00:00"
113,194,"2025-09-10",557000,"Efectivo",,"2025-09-10T13:23:07.078313+00:00"
114,113,"2025-09-10",27000,"Efectivo",,"2025-09-10T20:10:39.847191+00:00"
115,113,"2025-09-10",149000,"Efectivo",,"2025-09-10T20:10:48.877213+00:00"
116,78,"2025-09-10",150000,"Efectivo",,"2025-09-10T20:30:56.473424+00:00"
117,151,"2025-09-10",77000,"Efectivo",,"2025-09-10T20:42:03.182523+00:00"
118,12,"2025-09-10",23000,"Efectivo",,"2025-09-10T20:43:07.035649+00:00"
119,126,"2025-09-10",200000,"Efectivo",,"2025-09-10T20:47:54.480531+00:00"
120,99,"2025-09-10",126000,"Efectivo",,"2025-09-10T20:50:30.507355+00:00"
121,146,"2025-09-10",200000,"Efectivo",,"2025-09-10T21:15:27.421206+00:00"
122,11,"2025-09-10",300000,"Efectivo",,"2025-09-10T21:24:08.715664+00:00"
123,14,"2025-09-10",242000,"Efectivo",,"2025-09-10T21:40:09.659563+00:00"
124,47,"2025-09-03",150000,"Efectivo",,"2025-09-10T21:44:44.43765+00:00"
125,10,"2025-09-10",500000,"Efectivo",,"2025-09-10T21:49:23.906355+00:00"
126,77,"2025-09-10",240000,"Efectivo",,"2025-09-10T21:54:43.123356+00:00"
127,76,"2025-09-10",176000,"Efectivo",,"2025-09-10T21:55:15.8216+00:00"
128,66,"2025-09-10",1276000,"Efectivo",,"2025-09-10T22:07:37.859149+00:00"
130,12,"2025-09-12",50000,"Efectivo",,"2025-09-12T19:59:41.71357+00:00"
131,89,"2025-09-12",300000,"Efectivo",,"2025-09-12T20:23:04.670091+00:00"
132,88,"2025-09-12",440000,"Efectivo",,"2025-09-12T20:27:04.879026+00:00"
133,152,"2025-09-12",216000,"Efectivo",,"2025-09-12T21:25:33.675513+00:00"
134,78,"2025-09-12",218000,"Efectivo",,"2025-09-12T23:05:11.098344+00:00"
135,108,"2025-09-12",1176000,"Efectivo",,"2025-09-12T23:46:33.060765+00:00"
136,16,"2025-09-12",656000,"Efectivo",,"2025-09-12T23:47:36.704357+00:00"
138,8,"2025-09-10",164000,"Efectivo",,"2025-09-17T20:26:10.464881+00:00"
139,86,"2025-09-04",300000,"Efectivo",,"2025-09-17T20:28:05.534047+00:00"
140,86,"2025-09-17",250000,"Efectivo",,"2025-09-17T20:35:05.37089+00:00"
141,114,"2025-09-17",500000,"Efectivo",,"2025-09-17T21:27:45.487091+00:00"
142,11,"2025-09-17",200000,"Efectivo",,"2025-09-17T21:35:22.367227+00:00"
143,124,"2025-09-17",384000,"Efectivo",,"2025-09-17T21:38:33.388302+00:00"
144,64,"2025-09-05",100000,"Efectivo",,"2025-09-17T21:43:14.303586+00:00"
145,64,"2025-09-17",150000,"Efectivo",,"2025-09-17T21:43:27.283904+00:00"
146,48,"2025-09-08",400000,"Efectivo",,"2025-09-17T21:55:36.894626+00:00"
147,48,"2025-09-17",500000,"Transferencia",,"2025-09-17T21:59:24.081792+00:00"
148,15,"2025-09-17",150000,"Efectivo",,"2025-09-17T22:14:09.938026+00:00"
149,106,"2025-09-18",170000,"Efectivo",,"2025-09-18T21:09:43.904682+00:00"
150,106,"2025-09-04",70000,"Otro","Candado","2025-09-18T21:10:07.928762+00:00"
151,107,"2025-09-18",130000,"Efectivo",,"2025-09-18T21:10:31.800418+00:00"
152,100,"2025-09-18",100000,"Transferencia",,"2025-09-18T21:32:20.939037+00:00"
153,59,"2025-09-18",198000,"Efectivo",,"2025-09-18T21:41:08.121426+00:00"
154,41,"2025-09-18",960000,"Efectivo",,"2025-09-18T21:46:01.957106+00:00"
155,146,"2025-09-18",300000,"Efectivo",,"2025-09-18T21:51:32.431598+00:00"
156,146,"2025-09-10",200000,"Efectivo",,"2025-09-18T21:52:41.571219+00:00"
157,68,"2025-09-18",500000,"Efectivo",,"2025-09-18T21:58:34.414422+00:00"
158,31,"2025-09-19",150000,"Efectivo",,"2025-09-19T21:03:05.940356+00:00"
159,97,"2025-09-19",250000,"Efectivo",,"2025-09-19T21:26:51.025632+00:00"
160,8,"2025-09-19",290000,"Efectivo",,"2025-09-19T21:42:21.657907+00:00"
161,38,"2025-09-19",950000,"Efectivo",,"2025-09-19T21:57:02.350139+00:00"
162,74,"2025-09-12",20000,"Efectivo",,"2025-09-19T22:07:21.101489+00:00"
163,74,"2025-09-19",200000,"Efectivo",,"2025-09-19T22:07:33.534112+00:00"
164,75,"2025-09-12",130000,"Efectivo",,"2025-09-19T22:08:20.663833+00:00"
165,46,"2025-09-19",200000,"Transferencia",,"2025-09-19T22:27:52.64063+00:00"
166,46,"2025-09-19",100000,"Transferencia",,"2025-09-19T22:28:07.31116+00:00"
167,168,"2025-09-15",392000,"Efectivo",,"2025-09-20T02:39:01.028732+00:00"
168,74,"2025-09-22",284000,"Transferencia",,"2025-09-22T21:07:48.56206+00:00"
169,145,"2025-09-22",400000,"Efectivo",,"2025-09-22T21:16:31.842533+00:00"
170,114,"2025-09-22",500000,"Efectivo",,"2025-09-22T21:44:34.421561+00:00"
171,60,"2025-09-22",100000,"Efectivo",,"2025-09-22T21:51:14.834164+00:00"
172,116,"2025-09-22",648000,"Efectivo",,"2025-09-22T22:07:53.310301+00:00"
173,116,"2025-09-22",36000,"Efectivo",,"2025-09-22T22:08:49.926979+00:00"
174,23,"2025-09-23",840000,"Efectivo",,"2025-09-23T20:49:53.406313+00:00"
175,42,"2025-09-23",1000000,"Efectivo",,"2025-09-23T21:01:16.799814+00:00"
176,136,"2025-09-23",500000,"Efectivo",,"2025-09-23T22:08:02.327495+00:00"
177,118,"2025-09-26",80000,"Efectivo",,"2025-09-26T20:53:40.214676+00:00"
178,15,"2025-09-26",150000,"Efectivo",,"2025-09-26T21:27:20.118212+00:00"
179,48,"2025-09-27",300000,"Efectivo",,"2025-09-27T21:07:15.24766+00:00"
180,146,"2025-09-27",350000,"Efectivo",,"2025-09-27T21:25:54.252537+00:00"
181,42,"2025-09-27",1000000,"Efectivo",,"2025-09-27T21:30:36.126104+00:00"
182,64,"2025-09-24",200000,"Efectivo",,"2025-09-27T21:40:34.213736+00:00"
183,64,"2025-09-27",308000,"Efectivo",,"2025-09-27T21:41:59.817158+00:00"
184,8,"2025-09-27",154000,"Efectivo",,"2025-09-27T21:48:03.412061+00:00"
185,114,"2025-09-27",500000,"Efectivo",,"2025-09-27T22:05:03.33887+00:00"
186,73,"2025-09-27",150000,"Efectivo",,"2025-09-27T22:43:33.041856+00:00"
187,152,"2025-09-27",200000,"Efectivo",,"2025-09-27T22:46:37.020033+00:00"
188,29,"2025-09-15",338000,"Efectivo",,"2025-09-29T20:38:53.413898+00:00"
189,29,"2025-09-29",342000,"Efectivo",,"2025-09-29T20:39:04.685677+00:00"
190,10,"2025-09-29",500000,"Efectivo",,"2025-09-29T21:30:42.31245+00:00"
191,15,"2025-09-30",75000,"Efectivo",,"2025-09-30T21:14:09.273586+00:00"
192,6,"2025-09-30",75000,"Efectivo",,"2025-09-30T21:14:46.757788+00:00"
193,22,"2025-09-30",200000,"Efectivo",,"2025-09-30T21:26:40.032116+00:00"
194,97,"2025-09-30",300000,"Efectivo",,"2025-09-30T21:28:46.056772+00:00"
195,14,"2025-09-30",200000,"Efectivo",,"2025-09-30T22:39:52.506465+00:00"
196,11,"2025-10-01",200000,"Efectivo",,"2025-10-01T19:13:23.686669+00:00"
197,122,"2025-10-01",600000,"Efectivo",,"2025-10-01T22:51:16.340767+00:00"
198,136,"2025-10-01",500000,"Efectivo",,"2025-10-01T22:54:52.726626+00:00"
199,231,"2025-10-01",1758000,"Efectivo",,"2025-10-02T16:47:30.254072+00:00"
200,100,"2025-10-02",100000,"Efectivo",,"2025-10-02T20:52:08.775091+00:00"
201,100,"2025-10-02",100000,"Efectivo",,"2025-10-02T20:53:02.289823+00:00"
202,68,"2025-10-02",500000,"Efectivo",,"2025-10-02T21:48:08.26342+00:00"
203,128,"2025-10-02",250000,"Transferencia",,"2025-10-02T22:31:05.426311+00:00"
204,128,"2025-10-02",250000,"Efectivo",,"2025-10-02T22:31:16.964769+00:00"
205,73,"2025-10-02",150000,"Efectivo",,"2025-10-02T22:34:03.16616+00:00"
206,94,"2025-10-03",1000000,"Efectivo",,"2025-10-03T20:39:20.616717+00:00"
207,107,"2025-10-03",300000,"Efectivo",,"2025-10-03T21:18:46.945491+00:00"
208,145,"2025-10-03",225000,"Efectivo",,"2025-10-03T22:08:34.469798+00:00"
209,48,"2025-10-04",500000,"Efectivo",,"2025-10-04T20:02:12.158534+00:00"
210,63,"2025-10-04",300000,"Efectivo",,"2025-10-04T20:19:28.687336+00:00"
211,122,"2025-10-04",500000,"Efectivo",,"2025-10-04T20:30:56.861439+00:00"
212,146,"2025-10-04",350000,"Efectivo",,"2025-10-04T20:36:22.617111+00:00"
213,12,"2025-09-30",70000,"Efectivo",,"2025-10-04T20:50:39.388154+00:00"
214,12,"2025-10-04",49000,"Efectivo",,"2025-10-04T20:51:02.475564+00:00"
215,162,"2025-10-04",21000,"Efectivo",,"2025-10-04T20:52:41.142048+00:00"
216,194,"2025-10-04",500000,"Efectivo",,"2025-10-04T21:11:36.057225+00:00"
217,100,"2025-10-04",84000,"Transferencia",,"2025-10-04T21:15:02.256806+00:00"
218,95,"2025-10-04",66000,"Efectivo",,"2025-10-04T21:16:04.126113+00:00"
219,6,"2025-10-04",101000,"Efectivo",,"2025-10-04T21:36:15.435093+00:00"
220,27,"2025-10-04",49000,"Efectivo",,"2025-10-04T21:37:31.198936+00:00"
221,138,"2025-10-04",260000,"Efectivo",,"2025-10-04T22:02:36.560896+00:00"
222,154,"2025-10-04",400000,"Efectivo",,"2025-10-04T22:27:31.997102+00:00"
223,125,"2025-10-04",368000,"Efectivo",,"2025-10-04T22:41:31.487519+00:00"
224,8,"2025-10-06",172000,"Efectivo",,"2025-10-06T22:26:28.108+00:00"
225,86,"2025-10-06",438000,"Efectivo",,"2025-10-06T22:39:26.554083+00:00"
226,84,"2025-10-06",112000,"Efectivo",,"2025-10-06T22:40:17.30234+00:00"
227,11,"2025-10-06",125000,"Efectivo",,"2025-10-06T22:47:59.417799+00:00"
228,13,"2025-10-06",75000,"Efectivo",,"2025-10-06T22:48:24.622739+00:00"
229,114,"2025-10-06",400000,"Efectivo",,"2025-10-06T22:52:40.450589+00:00"
230,73,"2025-10-07",150000,"Efectivo",,"2025-10-07T21:30:33.428157+00:00"
231,96,"2025-10-07",400000,"Efectivo",,"2025-10-07T22:07:40.012513+00:00"
232,25,"2025-10-07",1560000,"Efectivo",,"2025-10-07T22:08:09.434361+00:00"
233,97,"2025-10-07",400000,"Efectivo",,"2025-10-07T22:38:15.841717+00:00"
234,48,"2025-10-07",943200,"Efectivo",,"2025-10-07T22:50:28.502509+00:00"
235,27,"2025-10-08",200000,"Efectivo",,"2025-10-08T20:59:27.284001+00:00"
236,13,"2025-10-08",101000,"Efectivo",,"2025-10-08T21:21:59.620901+00:00"
237,179,"2025-10-08",200000,"Efectivo",,"2025-10-08T21:23:10.571159+00:00"
238,73,"2025-10-08",150000,"Efectivo",,"2025-10-08T22:07:50.875517+00:00"
239,126,"2025-10-08",200000,"Efectivo",,"2025-10-08T22:46:15.559621+00:00"
240,95,"2025-10-08",100000,"Efectivo",,"2025-10-08T22:50:27.238457+00:00"
241,24,"2025-10-03",312000,"Efectivo",,"2025-10-08T23:00:08.758864+00:00"
242,24,"2025-10-08",300000,"Efectivo",,"2025-10-08T23:00:24.266473+00:00"
243,57,"2025-10-09",420000,"Efectivo",,"2025-10-09T20:44:07.570782+00:00"
244,68,"2025-10-09",1000000,"Efectivo",,"2025-10-09T21:16:06.024182+00:00"
245,146,"2025-10-09",250000,"Efectivo",,"2025-10-09T21:23:17.030048+00:00"
246,224,"2025-10-09",1000000,"Efectivo",,"2025-10-09T21:53:07.923645+00:00"
247,224,"2025-09-24",546000,"Efectivo",,"2025-10-09T21:53:30.528453+00:00"
248,224,"2025-10-09",900,"Efectivo",,"2025-10-09T21:53:40.81702+00:00"
249,162,"2025-10-09",70000,"Efectivo",,"2025-10-09T22:08:34.183627+00:00"
250,120,"2025-10-10",136000,"Efectivo",,"2025-10-10T21:23:30.004204+00:00"
251,180,"2025-10-10",400000,"Efectivo",,"2025-10-10T21:35:27.500661+00:00"
252,122,"2025-10-10",300000,"Efectivo",,"2025-10-10T21:48:30.061459+00:00"
253,27,"2025-10-14",150000,"Efectivo",,"2025-10-14T20:26:51.235519+00:00"
254,114,"2025-10-14",200000,"Efectivo",,"2025-10-14T20:33:23.293445+00:00"
255,97,"2025-10-14",400000,"Efectivo",,"2025-10-14T20:51:01.391618+00:00"
256,162,"2025-10-14",69000,"Efectivo",,"2025-10-14T21:23:24.927441+00:00"
257,179,"2025-10-15",250000,"Efectivo",,"2025-10-15T21:10:57.474379+00:00"
258,179,"2025-10-10",68000,"Efectivo",,"2025-10-15T21:11:20.265963+00:00"
259,24,"2025-10-15",200000,"Efectivo",,"2025-10-15T21:12:34.97504+00:00"
260,73,"2025-10-14",100000,"Efectivo",,"2025-10-15T21:52:22.722439+00:00"
261,73,"2025-10-15",200000,"Efectivo",,"2025-10-15T21:52:30.276541+00:00"
262,49,"2025-10-16",200000,"Efectivo",,"2025-10-16T21:20:44.56699+00:00"
263,22,"2025-10-16",164000,"Efectivo",,"2025-10-16T21:57:16.840585+00:00"
264,122,"2025-10-16",300000,"Efectivo",,"2025-10-16T22:20:09.72759+00:00"
265,14,"2025-10-16",238000,"Efectivo",,"2025-10-16T22:23:03.349892+00:00"
266,14,"2025-10-08",200000,"Efectivo",,"2025-10-16T22:23:17.101594+00:00"
267,94,"2025-10-17",1000000,"Efectivo",,"2025-10-17T20:24:10.860141+00:00"
268,128,"2025-10-17",100000,"Efectivo",,"2025-10-17T20:43:50.782529+00:00"
269,153,"2025-10-17",500000,"Efectivo",,"2025-10-17T20:45:07.882749+00:00"
270,146,"2025-10-17",250000,"Efectivo",,"2025-10-17T21:24:10.388013+00:00"
271,107,"2025-10-10",200000,"Efectivo",,"2025-10-17T21:35:39.223301+00:00"
272,107,"2025-10-17",200000,"Efectivo",,"2025-10-17T21:35:58.529239+00:00"
273,136,"2025-10-17",542000,"Efectivo",,"2025-10-17T22:11:18.270201+00:00"
274,179,"2025-10-17",200000,"Efectivo",,"2025-10-17T22:16:06.692291+00:00"
275,49,"2025-10-18",448000,"Efectivo",,"2025-10-18T21:31:23.784693+00:00"
276,107,"2025-10-18",130000,"Efectivo",,"2025-10-18T22:15:50.937757+00:00"
277,24,"2025-10-18",300000,"Efectivo",,"2025-10-18T22:27:17.171644+00:00"
278,60,"2025-10-18",100000,"Efectivo",,"2025-10-18T22:35:33.795016+00:00"
279,122,"2025-10-18",321000,"Efectivo",,"2025-10-18T22:59:28.655077+00:00"
280,180,"2025-10-18",400000,"Efectivo",,"2025-10-18T23:10:55.203226+00:00"
281,149,"2025-10-20",280000,"Efectivo",,"2025-10-20T21:43:53.310706+00:00"
282,63,"2025-10-20",180000,"Efectivo",,"2025-10-20T21:55:50.125682+00:00"
283,167,"2025-10-20",200000,"Efectivo",,"2025-10-20T22:46:46.406397+00:00"
285,83,"2025-10-21",1166500,"Efectivo",,"2025-10-21T01:57:54.17339+00:00"
288,80,"2025-10-21",1150000,"Efectivo",,"2025-10-21T02:00:19.31651+00:00"
289,79,"2025-10-21",830000,"Efectivo",,"2025-10-21T02:03:13.527917+00:00"
290,34,"2025-10-21",336000,"Efectivo",,"2025-10-21T02:04:05.047591+00:00"
291,81,"2025-10-21",30000,"Efectivo",,"2025-10-21T02:05:29.572841+00:00"
292,82,"2025-10-21",240000,"Efectivo",,"2025-10-21T02:06:09.167962+00:00"
293,84,"2025-10-21",248000,"Efectivo",,"2025-10-21T02:37:54.402323+00:00"
294,10,"2025-10-15",760000,"Efectivo",,"2025-10-21T18:00:22.932287+00:00"
295,276,"2025-01-29",95000000,"Efectivo",,"2025-10-21T18:11:35.774635+00:00"
296,277,"2025-02-27",47000000,"Efectivo","COBRO TOTAL 47455300","2025-10-21T18:13:37.156963+00:00"
297,278,"2025-03-28",43909000,"Efectivo",,"2025-10-21T18:15:03.011924+00:00"
299,279,"2025-04-29",28295500,"Efectivo","SEMAN SANTA  ","2025-10-21T18:23:16.107867+00:00"
300,280,"2025-05-28",46468000,"Efectivo",,"2025-10-21T18:26:25.353165+00:00"
301,281,"2025-06-29",36930000,"Efectivo",,"2025-10-21T18:28:15.160146+00:00"
302,282,"2025-07-29",44573650,"Efectivo",,"2025-10-21T18:31:02.346822+00:00"
303,42,"2025-10-09",2000000,"Efectivo",,"2025-10-21T20:56:46.231489+00:00"
304,42,"2025-10-21",2480000,"Efectivo",,"2025-10-21T20:57:03.210531+00:00"
305,157,"2025-10-21",3900000,"Efectivo",,"2025-10-21T22:51:38.734206+00:00"
306,43,"2025-10-21",150000,"Efectivo",,"2025-10-21T23:07:04.05394+00:00"
307,154,"2025-10-22",400000,"Efectivo",,"2025-10-22T20:08:30.302418+00:00"
308,60,"2025-10-22",100000,"Efectivo",,"2025-10-22T20:41:05.312124+00:00"
309,60,"2025-10-17",170000,"Efectivo",,"2025-10-22T20:42:20.573629+00:00"
310,189,"2025-10-08",71000,"Efectivo",,"2025-10-22T21:31:20.340828+00:00"
311,189,"2025-10-22",70000,"Efectivo",,"2025-10-22T21:31:29.486755+00:00"
312,126,"2025-10-22",200000,"Efectivo",,"2025-10-22T21:36:26.401394+00:00"
313,194,"2025-10-22",500000,"Efectivo",,"2025-10-22T21:42:30.253292+00:00"
314,27,"2025-10-17",100000,"Efectivo",,"2025-10-22T21:49:27.512009+00:00"
315,27,"2025-10-22",150000,"Efectivo",,"2025-10-22T21:57:31.595535+00:00"
316,96,"2025-10-22",400000,"Efectivo",,"2025-10-22T22:10:24.884099+00:00"
317,19,"2025-10-22",253000,"Efectivo",,"2025-10-22T22:14:39.220232+00:00"
318,61,"2025-10-22",227000,"Efectivo","Aceite ","2025-10-22T22:44:03.137066+00:00"
319,179,"2025-10-22",300000,"Efectivo",,"2025-10-22T22:44:58.768589+00:00"
320,95,"2025-10-24",100000,"Efectivo",,"2025-10-24T21:29:41.998811+00:00"
321,43,"2025-10-24",82000,"Efectivo",,"2025-10-24T21:37:24.509024+00:00"
322,33,"2025-10-24",8000,"Efectivo",,"2025-10-24T21:38:25.505974+00:00"
323,167,"2025-10-24",400000,"Efectivo",,"2025-10-24T21:43:35.990347+00:00"
324,72,"2025-10-21",200000,"Efectivo",,"2025-10-24T22:11:52.362218+00:00"
325,72,"2025-10-24",200000,"Efectivo",,"2025-10-24T22:12:02.236456+00:00"
326,230,"2025-10-24",1040000,"Efectivo",,"2025-10-25T21:41:32.483381+00:00"
327,27,"2025-10-25",94750,"Efectivo",,"2025-10-25T22:14:07.441009+00:00"
328,163,"2025-10-25",55850,"Efectivo",,"2025-10-25T22:15:49.490701+00:00"
329,96,"2025-10-25",480000,"Efectivo",,"2025-10-25T22:29:41.219062+00:00"
330,301,"2025-10-27",600000,"Efectivo",,"2025-10-27T21:42:35.197593+00:00"
331,179,"2025-10-27",150000,"Efectivo",,"2025-10-27T21:59:17.978985+00:00"
332,68,"2025-10-27",500000,"Efectivo",,"2025-10-27T22:00:36.2307+00:00"
333,61,"2025-10-27",125000,"Efectivo",,"2025-10-27T22:16:47.873778+00:00"
334,223,"2025-10-27",175000,"Efectivo",,"2025-10-27T22:19:12.102916+00:00"
335,24,"2025-10-27",400000,"Efectivo",,"2025-10-27T22:36:55.30386+00:00"
336,163,"2025-10-27",150000,"Efectivo",,"2025-10-27T22:48:32.207548+00:00"
337,50,"2025-10-28",594000,"Efectivo",,"2025-10-28T20:21:32.482459+00:00"
338,94,"2025-10-28",1000000,"Efectivo",,"2025-10-28T20:42:45.638384+00:00"
339,72,"2025-10-28",208000,"Efectivo",,"2025-10-28T20:52:43.449945+00:00"
340,122,"2025-10-28",300000,"Efectivo",,"2025-10-28T21:20:08.276769+00:00"
341,185,"2025-10-28",500000,"Efectivo",,"2025-10-28T21:31:25.985519+00:00"
342,294,"2025-10-28",870000,"Efectivo",,"2025-10-28T21:59:23.978169+00:00"
343,301,"2025-10-29",400000,"Efectivo",,"2025-10-29T19:34:42.89842+00:00"
344,18,"2025-10-29",300000,"Efectivo",,"2025-10-29T21:22:03.03125+00:00"
345,30,"2025-10-29",106000,"Efectivo",,"2025-10-29T22:17:45.476218+00:00"
346,30,"2025-10-29",194000,"Efectivo",,"2025-10-29T22:17:59.32513+00:00"
347,242,"2025-10-29",106000,"Efectivo",,"2025-10-29T23:18:13.59686+00:00"
348,120,"2025-10-29",100000,"Efectivo",,"2025-10-29T23:18:59.528988+00:00"
349,60,"2025-10-29",100000,"Efectivo",,"2025-10-29T23:19:43.307083+00:00"
350,180,"2025-10-29",400000,"Efectivo",,"2025-10-29T23:21:43.958043+00:00"
351,81,"2025-10-29",350000,"Efectivo",,"2025-10-29T23:24:15.250415+00:00"
352,189,"2025-10-25",70000,"Efectivo",,"2025-11-01T18:54:51.166411+00:00"
353,189,"2025-11-01",70000,"Efectivo",,"2025-11-01T18:55:02.700876+00:00"
354,31,"2025-11-01",225000,"Efectivo",,"2025-11-01T19:05:40.447152+00:00"
355,146,"2025-10-30",350000,"Efectivo",,"2025-11-01T19:13:52.913364+00:00"
356,81,"2025-11-01",172000,"Efectivo",,"2025-11-01T19:25:11.95474+00:00"
357,51,"2025-11-01",200000,"Efectivo",,"2025-11-01T19:54:36.882802+00:00"
358,17,"2025-11-01",221000,"Efectivo",,"2025-11-01T20:41:30.72405+00:00"
359,223,"2025-11-01",300000,"Efectivo",,"2025-11-01T21:06:34.309158+00:00"
360,122,"2025-11-01",651000,"Efectivo",,"2025-11-01T21:17:32.356719+00:00"
361,60,"2025-11-01",100000,"Efectivo",,"2025-11-01T21:39:01.48908+00:00"
362,24,"2025-11-01",414000,"Efectivo",,"2025-11-01T21:47:06.937209+00:00"
363,24,"2025-11-01",286000,"Efectivo",,"2025-11-01T21:50:22.940686+00:00"
364,164,"2025-11-01",700000,"Efectivo",,"2025-11-01T22:09:30.988079+00:00"
365,301,"2025-10-31",250000,"Efectivo",,"2025-11-04T17:35:13.434152+00:00"
366,301,"2025-11-04",250000,"Efectivo",,"2025-11-04T17:35:30.983854+00:00"
367,68,"2025-11-04",500000,"Efectivo",,"2025-11-04T21:03:45.113162+00:00"
368,179,"2025-11-04",200000,"Efectivo",,"2025-11-04T21:12:19.053761+00:00"
369,205,"2025-11-02",103000,"Efectivo",,"2025-11-05T20:31:03.292461+00:00"
370,205,"2025-11-04",146000,"Efectivo",,"2025-11-05T20:31:21.350083+00:00"
371,163,"2025-11-05",200000,"Efectivo",,"2025-11-05T20:53:49.234059+00:00"
372,159,"2025-11-06",164000,"Efectivo",,"2025-11-06T21:22:08.681952+00:00"
373,94,"2025-11-06",690000,"Efectivo",,"2025-11-06T22:55:30.682373+00:00"
374,60,"2025-11-06",100000,"Efectivo",,"2025-11-06T22:56:40.098891+00:00"
375,189,"2025-11-08",31000,"Efectivo",,"2025-11-08T20:46:18.166782+00:00"
376,265,"2025-11-08",69000,"Efectivo",,"2025-11-08T20:47:42.953893+00:00"
377,207,"2025-11-08",150000,"Efectivo",,"2025-11-08T21:20:11.014574+00:00"
378,46,"2025-11-08",700000,"Efectivo",,"2025-11-08T21:21:58.470766+00:00"
379,250,"2025-11-08",200000,"Efectivo",,"2025-11-08T21:25:59.2306+00:00"
380,26,"2025-11-08",126000,"Efectivo",,"2025-11-08T21:29:03.268333+00:00"
381,26,"2025-11-08",150000,"Efectivo",,"2025-11-08T21:29:15.481992+00:00"
382,193,"2025-11-08",174000,"Efectivo",,"2025-11-08T21:29:40.291142+00:00"
383,146,"2025-11-08",350000,"Efectivo",,"2025-11-08T22:25:44.979682+00:00"
384,179,"2025-11-10",476000,"Efectivo",,"2025-11-10T21:04:34.787757+00:00"
385,314,"2025-11-07",4449680,"Efectivo",,"2025-11-12T17:31:20.052909+00:00"
386,301,"2025-11-07",411000,"Efectivo",,"2025-11-12T17:46:50.861234+00:00"
387,98,"2025-11-12",200000,"Efectivo",,"2025-11-12T21:37:29.064749+00:00"
388,223,"2025-11-12",200000,"Efectivo",,"2025-11-12T21:55:07.496532+00:00"
389,240,"2025-11-12",200000,"Efectivo",,"2025-11-12T22:46:59.403876+00:00"
390,120,"2025-11-13",50000,"Efectivo",,"2025-11-13T21:16:04.809489+00:00"
391,265,"2025-11-13",77000,"Efectivo",,"2025-11-13T21:26:42.489059+00:00"
392,95,"2025-11-13",100000,"Efectivo",,"2025-11-13T21:34:17.566701+00:00"
393,130,"2025-11-08",500000,"Efectivo",,"2025-11-13T22:44:03.600198+00:00"
394,130,"2025-11-13",500000,"Efectivo",,"2025-11-13T22:44:16.043203+00:00"
395,205,"2025-11-05",300000,"Efectivo",,"2025-11-14T22:18:27.552573+00:00"
396,205,"2025-11-14",300000,"Efectivo",,"2025-11-14T22:18:56.279448+00:00"
397,68,"2025-11-14",400000,"Efectivo",,"2025-11-14T23:03:23.13843+00:00"
398,146,"2025-11-15",250000,"Efectivo",,"2025-11-15T19:27:56.677742+00:00"
400,249,"2025-11-15",1000000,"Efectivo",,"2025-11-15T19:43:43.769153+00:00"
401,249,"2025-10-25",1000000,"Efectivo",,"2025-11-15T19:44:12.633127+00:00"
402,265,"2025-11-15",100000,"Efectivo",,"2025-11-15T19:50:26.386336+00:00"
403,126,"2025-11-15",200000,"Efectivo",,"2025-11-15T19:58:19.352341+00:00"
404,347,"2025-11-15",500000,"Efectivo",,"2025-11-15T20:07:47.870393+00:00"
405,207,"2025-11-15",150000,"Efectivo",,"2025-11-15T20:19:54.077985+00:00"
406,165,"2025-11-15",500000,"Efectivo",,"2025-11-15T20:53:44.3843+00:00"
407,250,"2025-11-18",438000,"Efectivo",,"2025-11-18T20:02:42.988406+00:00"
408,51,"2025-11-18",200000,"Efectivo",,"2025-11-18T20:40:24.852746+00:00"
409,51,"2025-11-07",400000,"Efectivo",,"2025-11-18T20:40:39.089039+00:00"
410,193,"2025-11-18",200000,"Efectivo",,"2025-11-18T20:51:44.908039+00:00"
411,164,"2025-11-18",400000,"Efectivo",,"2025-11-18T20:52:36.92487+00:00"
412,320,"2025-11-18",400000,"Efectivo",,"2025-11-18T21:09:04.892804+00:00"
413,95,"2025-11-19",100000,"Efectivo",,"2025-11-19T21:19:07.521652+00:00"
414,347,"2025-11-19",500000,"Efectivo",,"2025-11-19T21:22:37.842354+00:00"
415,141,"2025-11-12",156000,"Efectivo",,"2025-11-19T21:27:52.001259+00:00"
416,141,"2025-11-19",200000,"Efectivo",,"2025-11-19T21:28:00.551566+00:00"
417,261,"2025-11-19",1000000,"Efectivo",,"2025-11-19T22:14:08.571001+00:00"
418,163,"2025-11-13",200000,"Efectivo",,"2025-11-19T22:49:31.076495+00:00"
419,163,"2025-11-12",150000,"Efectivo",,"2025-11-19T22:50:26.627021+00:00"
420,163,"2025-11-19",180150,"Efectivo",,"2025-11-19T22:50:45.705255+00:00"
421,223,"2025-11-19",300000,"Efectivo",,"2025-11-19T22:54:49.737889+00:00"
422,240,"2025-11-19",200000,"Efectivo",,"2025-11-19T22:57:05.004218+00:00"
423,195,"2025-11-20",150000,"Efectivo",,"2025-11-20T20:38:32.473331+00:00"
424,195,"2025-11-06",162000,"Efectivo",,"2025-11-20T20:38:46.435334+00:00"
425,206,"2025-11-06",200000,"Efectivo",,"2025-11-20T20:57:44.520321+00:00"
426,206,"2025-11-20",200000,"Efectivo",,"2025-11-20T20:57:58.124124+00:00"
427,265,"2025-11-20",66000,"Efectivo",,"2025-11-20T21:46:41.745889+00:00"
428,126,"2025-11-20",200000,"Efectivo",,"2025-11-20T21:52:00.234109+00:00"
429,68,"2025-11-20",488000,"Efectivo",,"2025-11-20T22:45:28.877181+00:00"
430,306,"2025-11-22",200000,"Efectivo",,"2025-11-22T20:24:02.834002+00:00"
431,120,"2025-11-22",50000,"Efectivo",,"2025-11-22T20:33:53.208395+00:00"
432,227,"2025-11-22",74000,"Efectivo",,"2025-11-22T20:45:26.536977+00:00"
433,207,"2025-11-22",150000,"Efectivo",,"2025-11-22T20:48:38.137113+00:00"
434,130,"2025-11-22",700000,"Efectivo",,"2025-11-22T21:24:49.566378+00:00"
436,180,"2025-11-04",200000,"Efectivo",,"2025-11-22T21:46:15.468563+00:00"
437,180,"2025-11-07",400000,"Efectivo",,"2025-11-22T21:47:27.67778+00:00"
438,180,"2025-11-22",500000,"Efectivo",,"2025-11-22T21:47:48.166003+00:00"
439,193,"2025-11-22",200000,"Efectivo",,"2025-11-22T22:01:26.199719+00:00"
440,206,"2025-11-22",200000,"Efectivo",,"2025-11-22T22:34:50.965542+00:00"
441,186,"2025-11-22",150000,"Efectivo",,"2025-11-22T22:41:51.851624+00:00"
442,167,"2025-11-20",300000,"Efectivo",,"2025-11-22T23:10:30.838577+00:00"
443,167,"2025-11-22",400000,"Efectivo",,"2025-11-22T23:10:44.936404+00:00"
444,110,"2025-11-24",416000,"Otro","mercancia  bloqueador ","2025-11-24T13:26:20.578174+00:00"
445,97,"2025-11-24",720000,"Efectivo",,"2025-11-24T20:13:46.697701+00:00"
446,240,"2025-11-24",200000,"Efectivo",,"2025-11-24T20:17:13.703263+00:00"
447,205,"2025-11-18",150000,"Efectivo",,"2025-11-24T20:46:09.155412+00:00"
448,205,"2025-11-24",200000,"Efectivo",,"2025-11-24T20:47:23.694554+00:00"
449,60,"2025-11-24",150000,"Efectivo",,"2025-11-24T22:16:29.488427+00:00"
450,146,"2025-11-24",300000,"Efectivo",,"2025-11-24T22:21:05.158563+00:00"
452,52,"2025-11-25",200000,"Efectivo",,"2025-11-25T22:14:53.799475+00:00"
453,347,"2025-11-25",380000,"Efectivo",,"2025-11-25T22:15:31.752798+00:00"
454,17,"2025-11-06",919000,"Efectivo",,"2025-11-25T22:27:40.777985+00:00"
455,32,"2025-11-25",390000,"Efectivo",,"2025-11-25T22:30:55.303673+00:00"
456,226,"2025-11-25",500000,"Efectivo",,"2025-11-25T22:35:19.964151+00:00"
457,95,"2025-11-17",100000,"Efectivo",,"2025-11-26T21:35:44.751632+00:00"
458,95,"2025-11-26",150000,"Efectivo",,"2025-11-26T21:35:54.757329+00:00"
459,227,"2025-11-26",100000,"Efectivo",,"2025-11-26T21:37:14.95929+00:00"
460,164,"2025-11-26",400000,"Efectivo",,"2025-11-26T21:44:25.556295+00:00"
461,185,"2025-11-26",500000,"Efectivo",,"2025-11-26T22:05:02.927967+00:00"
462,193,"2025-11-27",200000,"Efectivo",,"2025-11-27T20:23:16.087201+00:00"
463,242,"2025-11-27",500000,"Efectivo",,"2025-11-27T21:15:42.936413+00:00"
464,167,"2025-11-27",500000,"Efectivo",,"2025-11-27T22:04:04.18318+00:00"
465,180,"2025-11-28",247000,"Efectivo",,"2025-11-28T20:36:38.273991+00:00"
466,235,"2025-11-28",232000,"Efectivo",,"2025-11-28T20:37:24.925963+00:00"
467,304,"2025-11-28",21000,"Efectivo",,"2025-11-28T20:38:50.108603+00:00"
468,170,"2025-11-28",800000,"Transferencia","Nequi 660+ 140 ","2025-11-28T20:52:34.918815+00:00"
469,186,"2025-11-28",210000,"Efectivo",,"2025-11-28T21:55:57.60719+00:00"
470,95,"2025-11-29",227000,"Efectivo",,"2025-11-29T19:14:42.27537+00:00"
471,249,"2025-11-29",1190000,"Efectivo",,"2025-11-29T20:54:43.734993+00:00"
472,173,"2025-11-29",1950000,"Efectivo",,"2025-11-29T21:14:07.620612+00:00"
473,193,"2025-11-29",150000,"Efectivo",,"2025-11-29T21:52:32.844644+00:00"
474,126,"2025-11-29",200000,"Efectivo",,"2025-11-29T22:13:32.560817+00:00"
475,389,"2025-12-01",4999.96,"Efectivo","abono descuento ","2025-12-01T17:07:22.629094+00:00"
476,386,"2025-12-01",32000,"Efectivo","reftificacion  a nivea precio 32000","2025-12-01T17:09:12.929913+00:00"
477,52,"2025-12-01",200000,"Efectivo",,"2025-12-01T20:29:50.863142+00:00"
478,117,"2025-10-16",1120000,"Efectivo",,"2025-12-01T20:53:01.542153+00:00"
479,154,"2025-11-13",160000,"Efectivo",,"2025-12-01T20:56:29.669709+00:00"
480,333,"2025-12-01",300000,"Efectivo",,"2025-12-01T21:18:14.734786+00:00"
481,223,"2025-11-29",50000,"Efectivo",,"2025-12-01T22:22:29.455819+00:00"
482,223,"2025-12-01",300000,"Efectivo",,"2025-12-01T22:22:39.971957+00:00"
483,273,"2025-12-02",585000,"Efectivo",,"2025-12-02T20:22:13.513914+00:00"
484,227,"2025-12-02",140000,"Efectivo",,"2025-12-02T21:28:37.924592+00:00"
485,247,"2025-12-02",160000,"Efectivo",,"2025-12-02T21:34:29.301061+00:00"
486,240,"2025-12-02",300000,"Efectivo",,"2025-12-02T21:52:52.657727+00:00"
487,286,"2025-12-02",288000,"Efectivo",,"2025-12-02T22:12:56.970354+00:00"
488,320,"2025-11-22",200000,"Efectivo",,"2025-12-03T16:03:17.887789+00:00"
489,320,"2025-11-24",500000,"Efectivo",,"2025-12-03T16:03:33.920857+00:00"
490,320,"2025-11-30",350000,"Efectivo",,"2025-12-03T16:03:58.369234+00:00"
491,320,"2025-12-03",200000,"Efectivo",,"2025-12-03T16:04:08.560562+00:00"
492,306,"2025-12-03",200000,"Efectivo",,"2025-12-03T20:07:57.072194+00:00"
493,205,"2025-12-03",300000,"Efectivo",,"2025-12-03T20:35:05.492638+00:00"
494,242,"2025-12-03",500000,"Efectivo",,"2025-12-03T21:05:08.077951+00:00"
495,146,"2025-12-03",300000,"Efectivo",,"2025-12-03T22:11:55.604823+00:00"
496,229,"2025-12-03",200000,"Efectivo",,"2025-12-03T22:19:43.905518+00:00"
497,126,"2025-12-03",256000,"Efectivo",,"2025-12-03T22:26:25.848346+00:00"
498,193,"2025-12-03",200000,"Efectivo",,"2025-12-03T22:34:03.459125+00:00"
499,320,"2025-12-04",202516,"Efectivo",,"2025-12-04T20:07:53.502777+00:00"
500,363,"2025-12-04",463968,"Efectivo",,"2025-12-04T20:09:00.452898+00:00"
501,164,"2025-12-04",400000,"Efectivo",,"2025-12-04T21:58:19.647591+00:00"
502,69,"2025-11-21",500000,"Efectivo",,"2025-12-04T22:21:55.175015+00:00"
503,69,"2025-12-04",268000,"Efectivo",,"2025-12-04T22:22:04.351066+00:00"
504,261,"2025-12-05",1000000,"Efectivo",,"2025-12-05T20:24:39.818285+00:00"
505,304,"2025-12-05",400000,"Efectivo",,"2025-12-05T20:35:33.34274+00:00"
506,167,"2025-12-05",822000,"Efectivo",,"2025-12-05T20:41:25.410489+00:00"
507,227,"2025-12-05",10000,"Efectivo",,"2025-12-05T21:14:48.253659+00:00"
508,292,"2025-12-05",90000,"Efectivo",,"2025-12-05T21:16:34.075615+00:00"
509,146,"2025-12-06",300000,"Efectivo",,"2025-12-06T21:55:00.990079+00:00"
510,223,"2025-12-06",400000,"Efectivo",,"2025-12-06T21:59:47.574007+00:00"
511,60,"2025-12-06",100000,"Efectivo",,"2025-12-06T22:06:35.620231+00:00"
512,377,"2025-12-06",250000,"Efectivo",,"2025-12-06T22:16:22.320175+00:00"
513,229,"2025-12-06",200000,"Efectivo",,"2025-12-06T22:31:12.375643+00:00"
514,207,"2025-12-09",150000,"Efectivo",,"2025-12-09T20:16:56.221245+00:00"
515,183,"2025-12-09",72000,"Efectivo",,"2025-12-09T20:27:39.485231+00:00"
516,393,"2025-12-09",200000,"Efectivo",,"2025-12-09T20:39:05.943782+00:00"
517,130,"2025-12-09",478000,"Efectivo",,"2025-12-09T21:21:30.549383+00:00"
518,245,"2025-12-10",300000,"Efectivo",,"2025-12-10T21:16:47.532956+00:00"
519,283,"2025-12-10",576000,"Efectivo",,"2025-12-10T21:19:32.960907+00:00"
520,223,"2025-12-10",200000,"Efectivo",,"2025-12-10T21:37:45.16882+00:00"
521,392,"2025-12-10",800000,"Efectivo",,"2025-12-10T21:40:09.294157+00:00"
522,240,"2025-12-10",200000,"Efectivo",,"2025-12-10T21:42:32.027574+00:00"
523,240,"2025-12-10",121000,"Efectivo",,"2025-12-10T21:43:18.125083+00:00"
524,264,"2025-12-10",179000,"Efectivo",,"2025-12-10T21:46:32.189961+00:00"
525,33,"2025-12-10",100000,"Efectivo",,"2025-12-10T21:55:55.548732+00:00"
526,33,"2025-12-05",450000,"Efectivo",,"2025-12-10T21:58:36.698823+00:00"
527,206,"2025-12-10",25000,"Efectivo",,"2025-12-10T22:04:13.801972+00:00"
528,319,"2025-12-10",216000,"Efectivo",,"2025-12-10T22:04:46.06078+00:00"
529,95,"2025-12-10",100000,"Efectivo",,"2025-12-10T22:31:20.119416+00:00"
530,229,"2025-12-10",267000,"Efectivo",,"2025-12-10T22:45:48.878012+00:00"
531,52,"2025-12-10",776000,"Efectivo",,"2025-12-10T22:54:58.436432+00:00"
532,153,"2025-12-11",728000,"Efectivo",,"2025-12-11T18:36:58.813087+00:00"
533,33,"2025-12-11",53000,"Efectivo",,"2025-12-11T19:52:40.46988+00:00"
534,70,"2025-12-11",552000,"Efectivo",,"2025-12-11T20:48:46.537292+00:00"
535,226,"2025-12-11",500000,"Efectivo",,"2025-12-11T21:03:16.653089+00:00"
536,53,"2025-12-13",1000000,"Efectivo",,"2025-12-13T15:44:54.754308+00:00"
537,377,"2025-12-13",250000,"Efectivo",,"2025-12-13T20:40:01.540363+00:00"
538,264,"2025-12-13",525000,"Efectivo",,"2025-12-13T20:44:27.091532+00:00"
539,137,"2025-12-13",276000,"Efectivo",,"2025-12-13T20:48:57.761631+00:00"
540,181,"2025-12-13",360000,"Efectivo",,"2025-12-13T20:51:43.868919+00:00"
541,135,"2025-12-13",324000,"Efectivo",,"2025-12-13T20:54:58.616746+00:00"
542,376,"2025-12-13",766000,"Efectivo",,"2025-12-13T20:57:36.3397+00:00"
543,146,"2025-12-13",250000,"Efectivo",,"2025-12-13T20:59:21.763566+00:00"
544,229,"2025-12-13",171000,"Efectivo",,"2025-12-13T21:06:20.997628+00:00"
545,372,"2025-11-29",200000,"Efectivo",,"2025-12-13T21:12:53.700729+00:00"
546,372,"2025-12-13",300000,"Efectivo",,"2025-12-13T21:13:34.541838+00:00"
547,292,"2025-12-13",70000,"Efectivo",,"2025-12-13T21:20:27.678096+00:00"
548,95,"2025-12-13",62000,"Efectivo",,"2025-12-13T21:41:29.926358+00:00"
549,298,"2025-12-13",288000,"Efectivo",,"2025-12-13T21:54:29.340133+00:00"
550,193,"2025-12-13",200000,"Efectivo",,"2025-12-13T22:07:19.519777+00:00"
551,223,"2025-12-13",200000,"Efectivo",,"2025-12-13T22:46:26.562346+00:00"
552,139,"2025-12-13",384000,"Efectivo",,"2025-12-13T22:57:52.155254+00:00"
553,135,"2025-12-13",540000,"Efectivo",,"2025-12-13T22:58:28.892294+00:00"
554,140,"2025-12-13",504000,"Efectivo",,"2025-12-13T22:59:36.46183+00:00"
555,313,"2025-12-15",722000,"Efectivo",,"2025-12-15T19:29:00.511935+00:00"
556,164,"2025-12-15",400000,"Efectivo",,"2025-12-15T20:03:18.785777+00:00"
557,261,"2025-12-15",1000000,"Efectivo",,"2025-12-15T21:13:16.361844+00:00"
558,349,"2025-12-15",540000,"Efectivo",,"2025-12-15T21:15:31.825879+00:00"
559,238,"2025-12-15",200000,"Efectivo",,"2025-12-15T21:18:12.121655+00:00"
560,185,"2025-12-15",1000000,"Efectivo",,"2025-12-15T21:31:50.772835+00:00"
561,372,"2025-12-15",200000,"Efectivo",,"2025-12-16T20:12:12.485404+00:00"
562,192,"2025-12-15",100000,"Efectivo",,"2025-12-16T20:13:15.913187+00:00"
563,254,"2025-12-16",150000,"Efectivo",,"2025-12-16T20:23:10.973751+00:00"
564,393,"2025-12-16",200000,"Efectivo",,"2025-12-16T20:31:41.174967+00:00"
565,264,"2025-12-16",300000,"Efectivo",,"2025-12-16T20:46:33.720766+00:00"
566,40,"2025-11-13",1000000,"Efectivo",,"2025-12-16T21:00:33.648343+00:00"
567,40,"2025-11-29",2000000,"Efectivo",,"2025-12-16T21:00:49.214975+00:00"
568,40,"2025-12-16",180000,"Efectivo",,"2025-12-16T21:01:01.807041+00:00"
569,40,"2025-12-16",200000,"Efectivo",,"2025-12-16T21:01:17.783621+00:00"
570,67,"2025-12-16",632000,"Efectivo",,"2025-12-16T21:33:46.971859+00:00"
571,295,"2025-12-16",500000,"Efectivo",,"2025-12-16T21:52:02.769061+00:00"
572,285,"2025-12-16",300000,"Efectivo",,"2025-12-16T22:19:14.851529+00:00"
573,53,"2025-12-16",200000,"Efectivo",,"2025-12-16T22:37:37.791501+00:00"
574,269,"2025-12-17",300000,"Efectivo",,"2025-12-17T22:14:56.760978+00:00"
575,245,"2025-12-17",200000,"Efectivo",,"2025-12-17T22:30:28.823543+00:00"
576,226,"2025-12-18",500000,"Efectivo",,"2025-12-18T20:22:45.10184+00:00"
577,284,"2025-12-18",1152000,"Efectivo",,"2025-12-18T20:27:22.542507+00:00"
578,183,"2025-12-18",100000,"Efectivo",,"2025-12-18T20:56:28.15016+00:00"
579,377,"2025-12-18",250000,"Efectivo",,"2025-12-18T21:03:06.146104+00:00"
580,102,"2025-12-18",100000,"Efectivo",,"2025-12-18T21:21:22.35298+00:00"
581,170,"2025-12-18",470000,"Efectivo",,"2025-12-18T22:44:58.477332+00:00"
582,170,"2025-12-03",996000,"Efectivo",,"2025-12-18T22:48:27.573403+00:00"
583,304,"2025-12-18",155000,"Efectivo",,"2025-12-18T22:55:47.415314+00:00"
584,307,"2025-12-18",346000,"Efectivo",,"2025-12-18T22:57:47.676001+00:00"
585,193,"2025-12-19",200000,"Efectivo",,"2025-12-19T19:20:51.120481+00:00"
586,387,"2025-12-19",264000,"Efectivo",,"2025-12-19T20:17:25.826964+00:00"
587,28,"2025-12-19",150000,"Efectivo",,"2025-12-19T20:42:37.119153+00:00"
588,223,"2025-12-19",300000,"Efectivo",,"2025-12-19T21:10:41.236834+00:00"
589,261,"2025-12-19",585000,"Efectivo",,"2025-12-19T21:30:12.257349+00:00"
590,172,"2025-12-19",415000,"Efectivo",,"2025-12-19T21:31:26.456966+00:00"
591,193,"2025-12-20",200000,"Efectivo",,"2025-12-20T20:35:44.931995+00:00"
592,238,"2025-12-20",200000,"Efectivo",,"2025-12-20T20:43:48.830239+00:00"
593,315,"2025-12-20",500000,"Efectivo",,"2025-12-20T20:57:43.809799+00:00"
594,146,"2025-12-20",350000,"Efectivo",,"2025-12-20T21:01:21.903871+00:00"
595,292,"2025-12-20",50000,"Efectivo",,"2025-12-20T21:08:51.842654+00:00"
596,333,"2025-12-20",200000,"Efectivo",,"2025-12-20T21:50:09.070229+00:00"
597,144,"2025-12-20",300000,"Efectivo",,"2025-12-20T21:55:53.768556+00:00"
598,67,"2025-12-20",500000,"Efectivo",,"2025-12-20T21:57:24.562357+00:00"
599,392,"2025-12-17",437469,"Efectivo",,"2025-12-22T13:51:03.100671+00:00"
600,398,"2025-12-17",63000,"Efectivo","abono saldo de 500000 ","2025-12-22T14:16:30.821309+00:00"
601,53,"2025-12-22",300000,"Efectivo",,"2025-12-22T19:51:45.142763+00:00"
602,192,"2025-11-22",100000,"Efectivo",,"2025-12-22T20:16:08.197446+00:00"
603,192,"2025-12-22",60000,"Efectivo",,"2025-12-22T20:16:18.332351+00:00"
604,102,"2025-12-22",100000,"Efectivo",,"2025-12-22T20:23:33.45136+00:00"
605,254,"2025-12-22",150000,"Efectivo",,"2025-12-22T20:31:04.568914+00:00"
606,417,"2025-12-22",200000,"Efectivo",,"2025-12-22T20:52:14.519216+00:00"
607,223,"2025-12-22",200000,"Efectivo",,"2025-12-22T21:02:21.315296+00:00"
608,40,"2025-12-22",832000,"Efectivo",,"2025-12-22T21:09:38.621716+00:00"
609,248,"2025-12-23",200000,"Efectivo",,"2025-12-23T21:00:21.207722+00:00"
610,372,"2025-12-23",300000,"Efectivo",,"2025-12-23T21:10:26.180031+00:00"
611,127,"2025-12-23",200000,"Efectivo",,"2025-12-23T21:19:12.939188+00:00"
612,28,"2025-12-23",122000,"Efectivo",,"2025-12-23T21:29:59.22579+00:00"
613,377,"2025-12-23",150000,"Efectivo",,"2025-12-23T21:56:42.718848+00:00"
614,60,"2025-12-23",100000,"Efectivo",,"2025-12-23T22:00:13.304888+00:00"
615,144,"2025-12-23",350000,"Efectivo",,"2025-12-23T22:12:39.311565+00:00"
616,67,"2025-12-23",500000,"Efectivo",,"2025-12-23T22:22:43.289327+00:00"
617,269,"2025-12-23",300000,"Efectivo",,"2025-12-23T22:45:22.227659+00:00"
618,185,"2025-12-26",581000,"Efectivo","Transfer","2025-12-26T19:49:49.104537+00:00"
619,102,"2025-12-26",150000,"Efectivo",,"2025-12-26T20:05:41.124032+00:00"
620,183,"2025-12-26",44000,"Efectivo",,"2025-12-26T20:21:58.898948+00:00"
621,383,"2025-12-26",56000,"Efectivo",,"2025-12-26T20:22:30.57375+00:00"
622,242,"2025-12-26",200000,"Efectivo",,"2025-12-26T20:28:56.323741+00:00"
623,289,"2025-12-26",1728000,"Efectivo",,"2025-12-26T20:54:05.402027+00:00"
624,193,"2025-12-26",159000,"Efectivo",,"2025-12-26T21:08:26.733043+00:00"
625,53,"2025-12-26",300000,"Efectivo",,"2025-12-26T21:26:32.755557+00:00"
626,172,"2025-12-26",315000,"Efectivo",,"2025-12-26T21:41:14.891251+00:00"
627,272,"2025-12-26",500000,"Efectivo",,"2025-12-26T21:41:44.303076+00:00"